Lexem,Genus,Worttrennung,IPA,Wortart,Nomen
Kredit,mnf,Kre·dit,kʁeˈdiːt,Substantiv,TRUE
Kredit,nnf,Kre·dit,kʁeˈdiːt,Substantiv,TRUE
Kredit,nnf,Kre·dit,ˈkʁeːdɪt,Substantiv,TRUE
Mut,mnf,Mut,muːt,Substantiv,TRUE
Heroin,nmf,He·ro·in,heʁoˈiːn,Substantiv,TRUE
Heroin,fmf,He·ro·in,heʁoˈiːn,Substantiv,TRUE
Heroin,fmf,He·ro·in,heˈʁoːɪn,Substantiv,TRUE
Lurch,mmf,Lurch,lʊʁç,Substantiv,TRUE
Lurch,mmf,Lurch,luɐ̯x,Substantiv,TRUE
MP,mnf,MP3-Play·er,ɛmpeːˈdʁaɪ̯ˌplɛɪ̯ɐ,Substantiv,TRUE
MP,mnf,MP3,,Substantiv,TRUE
MP,fnf,MP3,,Substantiv,TRUE
Boulevard,mff,Bou·le·vard,buləˈvaːɐ̯,Substantiv,TRUE
Boulevard,mff,<model>wikitext</model>,<comment>Worttrennung; IPA</comment>,Substantiv,TRUE
Spass,mff,Spass,ʃpaːs,Substantiv,TRUE
Spass,mff,Spass,ʃpas,Substantiv,TRUE
Burren,mmf,Bur·ren,ˈbʊʁən,Substantiv,TRUE
Burren,mmf,Bur·ren,ˈbʌɹən,Substantiv,TRUE
Handball,mmf,Hand·ball,ˈhantˌbal,Substantiv,TRUE
Handball,mmf,Hand·ball,ˈhantbal,Substantiv,TRUE
Glans,fnf,Glans,ɡlaːns,Substantiv,TRUE
Glans,fnf,Glans,ɡlans,Substantiv,TRUE
Objektiv,nnf,Ob·jek·tiv,ˌɔpjɛkˈtiːf,Substantiv,TRUE
Objektiv,mnf,Ob·jek·tiv,ˌɔpjɛkˈtiːf,Substantiv,TRUE
Objektiv,mnf,Ob·jek·tiv,ˈɔpjɛkˌtiːf,Substantiv,TRUE
Lee,fnf,Lee,leː,Substantiv,TRUE
Lee,mnf,Lee,leː,Substantiv,TRUE
Lee,mnf,Lee,,Substantiv,TRUE
Aa,fnf,Aa,aː,Substantiv,TRUE
Aa,nnf,Aa,aː,Substantiv,TRUE
Aa,nnf,Aa,aˈʔa,Substantiv,TRUE
Fluor,nff,Flu·or,ˈfluːoːɐ̯,Substantiv,TRUE
Fluor,mff,Flu·or,ˈfluːoːɐ̯,Substantiv,TRUE
Fluor,mff,Flu·or,ˈfluoɐ̯,Substantiv,TRUE
Rom,mff,Rom,ʁoːm,Substantiv,TRUE
Rom,mff,Rom,ʁɔm,Substantiv,TRUE
Weizen,mnf,Wei·zen,ˈvaɪ̯t͡sn̩,Substantiv,TRUE
Weizen,nnf,Wei·zen,ˈvaɪ̯t͡sn̩,Substantiv,TRUE
Weizen,nnf,Wei·zen,ˈvaɪ̯tsn̩,Substantiv,TRUE
Gros,nnf,Gros,ɡʁɔs,Substantiv,TRUE
Gros,nnf,Gros,ɡʁoː,Substantiv,TRUE
Gros,mnf,Gros,ɡʁoː,Substantiv,TRUE
Gros,mnf,Gros,,Substantiv,TRUE
Rock,mmf,Rock,ʁɔk,Substantiv,TRUE
Rock,mmf,Rock,ʁɔk,Substantiv,TRUE
Hub,mmf,Hub,huːp,Substantiv,TRUE
Hub,mmf,Hub,hʌb,Substantiv,TRUE
Fon,nnf,Fon,foːn,Substantiv,TRUE
Fon,nnf,Fon,,Substantiv,TRUE
Fon,{{Deutsch Name Übersichtn}}nf,Fon,,Substantiv,TRUE
Fon,mnf,Fon,,Substantiv,TRUE
Fon,mff,Fon,,Substantiv,TRUE
Fon,mff,Fon,fɔn,Substantiv,TRUE
Modul,nff,Mo·dul,moˈduːl,Substantiv,TRUE
Modul,mff,Mo·dul,moˈduːl,Substantiv,TRUE
Modul,mff,Mo·dul,ˈmoːdʊl,Substantiv,TRUE
,fff,Ko·ry·phäe,ˌkoʁyˈfɛːə,Substantiv,TRUE
,mff,Ko·ry·phäe,ˌkoʁyˈfɛːə,Substantiv,TRUE
China,nnf,Chi·na,ˈçiːna,Substantiv,TRUE
China,fnf,Chi·na,ˈçiːna,Substantiv,TRUE
China,fnf,Chi·na,,Substantiv,TRUE
Kölsch,nmf,Kölsch,kœːɫʃ (Kölsche Aussprache),Substantiv,TRUE
Kölsch,mmf,Kölsch,kœːɫʃ (Kölsche Aussprache),Substantiv,TRUE
Kölsch,mmf,Kölsch,kœlʃ,Substantiv,TRUE
Plebs,fmf,Plebs,pleːps,Substantiv,TRUE
Plebs,mmf,Plebs,pleːps,Substantiv,TRUE
Plebs,mff,Plebs,pleːps,Substantiv,TRUE
Plebs,mff,Plebs,plɛps,Substantiv,TRUE
Ladino,mmf,La·di·no,laˈdiːno,Substantiv,TRUE
Ladino,{{Deutsch Name Übersichtn}}mf,La·di·no,laˈdiːno,Substantiv,TRUE
Ladino,{{Deutsch Name Übersichtn}}mf,La·di·no,ˌlaˈdiːno,Substantiv,TRUE
Sie,mff,{{kSg.}},ziː,Substantiv,TRUE
Sie,fff,{{kSg.}},ziː,Substantiv,TRUE
Sie,fff,Sie,ziː,Substantiv,TRUE
Sie,mff,Sie,ziː,Substantiv,TRUE
Band,nnf,Band,bant,Substantiv,TRUE
Band,mnf,Band,bant,Substantiv,TRUE
Band,fnf,Band,bant,Substantiv,TRUE
Band,fnf,Band,bɛnt,Substantiv,TRUE
Band,nnf,Band,bɛnt,Substantiv,TRUE
Gang,mnf,Gang,ɡaŋ,Substantiv,TRUE
Gang,fnf,Gang,ɡaŋ,Substantiv,TRUE
Gang,fnf,Gang,ɡɛŋ,Substantiv,TRUE
Kapo,mff,Ka·po,ˈkapo,Substantiv,TRUE
Kapo,fff,Ka·po,ˈkapo,Substantiv,TRUE
Kapo,fff,Ka·po,,Substantiv,TRUE
Mal,nnf,Mal,,Substantiv,TRUE
Mal,nnf,Mal,maːl,Substantiv,TRUE
Altai,mnf,Al·tai,alˈtaɪ̯,Substantiv,TRUE
Altai,mnf,Al·tai,,Substantiv,TRUE
Assi,mnf,As·si,ˈazi,Substantiv,TRUE
Assi,mnf,As·si,ˈasi,Substantiv,TRUE
Formel,ffn,For·mel,ˈfɔʁml̩,Substantiv,TRUE
Humor,mfn,Hu·mor,huˈmoːɐ̯,Substantiv,TRUE
Humor,mfn,Hu·mor,ˈhuːmoːɐ̯,Substantiv,TRUE
Raketenschnellboot,nfn,Ra·ke·ten·schnell·boot,ʁaˈkeːtn̩ˌʃnɛlboːt,Substantiv,TRUE
Raketenschnellboot,nfn,Bun·des·ver·fas·sungs·ge·richt,,Substantiv,TRUE
Service,mnn,Ser·vice,ˈsœːɐ̯vɪs,Substantiv,TRUE
Service,nnn,Ser·vice,ˈsœːɐ̯vɪs,Substantiv,TRUE
Service,nnn,Ser·vi·ce,ˈsœːɐ̯vɪs,Substantiv,TRUE
Service,nnn,Ser·vi·ce,zɛʁˈviːs,Substantiv,TRUE
Laden,mnn,La·den; {{Pl.1}} Lä·den,ˈlaːdn̩,Substantiv,TRUE
Laden,nnn,La·den; {{Pl.1}} Lä·den,ˈlaːdn̩,Substantiv,TRUE
Laden,nnn,La·den,ˈlaːdn̩,Substantiv,TRUE
Thora,fmn,Tho·ra,toˈʁaː,Substantiv,TRUE
Thora,0mn,Tho·ra,toˈʁaː,Substantiv,TRUE
Thora,0mn,Tho·ra,:[1] {{IPA {{Lautschrift|ˈtoːʁa}},Substantiv,TRUE
Bug,mfn,Bug,buːk,Substantiv,TRUE
Bug,mfn,Bug,baɡ,Substantiv,TRUE
Zimt,mfn,Zimt,t͡sɪmt,Substantiv,TRUE
Zimt,mfn,Zimt,ˈt͡sɪmt,Substantiv,TRUE
Zimt,nfn,Zimt,ˈt͡sɪmt,Substantiv,TRUE
Zimt,nfn,Zimt,t͡sɪmt,Substantiv,TRUE
Rentier,mmn,Ren·tier,ʁɑ̃ˈti̯eː,Substantiv,TRUE
Rentier,nmn,Ren·tier,ʁɑ̃ˈti̯eː,Substantiv,TRUE
Rentier,nmn,Ren·tier,ˈʁeːnˌtiːɐ̯,Substantiv,TRUE
Empfindung,fmn,Emp·fin·dung,ɛmˈp͡fɪndʊŋ,Substantiv,TRUE
Empfindung,fmn,# In der Standardlautung wird {{Lautschrift|bn̩,# [[Postalveolar]]e [[Frikativ]]e und [[Affrikate]]n werden in IPA mit {{Lautschrift|t͡ʃ,Substantiv,TRUE
Krätze,fmn,Krät·ze,ˈkʁɛt͡sə,Substantiv,TRUE
Krätze,fmn,Krät·ze,ˈkʁɛːt͡sə,Substantiv,TRUE
Os,mnn,Os,oːs,Substantiv,TRUE
Os,nnn,Os,oːs,Substantiv,TRUE
Os,nnn,Os,ɔs,Substantiv,TRUE
Fez,mnn,Fez,feːs,Substantiv,TRUE
Fez,mnn,Fez,feːt͡s,Substantiv,TRUE
Delaware,mnn,De·la·ware,ˈdɛləˌvɛːɐ̯,Substantiv,TRUE
Delaware,mnn,De·la·wa·re,ˈdɛləˌvɛːɐ̯,Substantiv,TRUE
Delaware,mnn,De·la·wa·re,ˌdelaˈvaːʁə,Substantiv,TRUE
Model,nmn,Mo·del,ˈmɔdl̩,Substantiv,TRUE
Model,mmn,Mo·del,ˈmɔdl̩,Substantiv,TRUE
Model,mmn,Mo·del,ˈmoːdl̩,Substantiv,TRUE
Huk,fmn,Huk,hʊk,Substantiv,TRUE
Huk,mmn,Huk,hʊk,Substantiv,TRUE
Huk,mmn,Huk,,Substantiv,TRUE
Manx,nmn,Manx,maŋks,Substantiv,TRUE
Manx,fmn,Manx,maŋks,Substantiv,TRUE
Manx,mmn,Manx,maŋks,Substantiv,TRUE
Manx,0mn,Manx,maŋks,Substantiv,TRUE
Manx,0mn,{{kSg.}},maŋks,Substantiv,TRUE
Lot,nnm,Lot,loːt,Substantiv,TRUE
Lot,nnm,Lot,lɔt,Substantiv,TRUE
Málaga,nnm,Má·la·ga,ˈmalaɡa,Substantiv,TRUE
Málaga,nnm,Má·la·ga,,Substantiv,TRUE
Mut,fnm,Mut'a-Ehe,,Substantiv,TRUE
Ceylon,mfm,Cey·lon,ˈt͡saɪ̯lɔn,Substantiv,TRUE
Ceylon,mfm,Cey·lon ({{Pl.}} Cey·lon-Sor·ten),ˈt͡saɪ̯lɔn,Substantiv,TRUE
HTML,nfm,HTML,ˈhaːˈteːˈɛmˈɛl,Substantiv,TRUE
Bulle,mnm,Bul·le,ˈbʊlə,Substantiv,TRUE
Bulle,fnm,Bul·le,ˈbʊlə,Substantiv,TRUE
Bulle,fnm,Bul·le {{Pl.}} Bul·len,ˈbʊlə,Substantiv,TRUE
Pascal,nmm,Pas·cal; {{Pl.}} Pas·cals,pasˈkal,Substantiv,TRUE
Pascal,nmm,Pas·cal,pasˈkal,Substantiv,TRUE
Pascal,nmm,Pas·cal,,Substantiv,TRUE
Leu,mmm,Leu,lɔɪ̯,Substantiv,TRUE
Leu,mmm,Leu,leu̯,Substantiv,TRUE
Circus,mnm,Cir·cus,ˈt͡sɪʁkʊs,Substantiv,TRUE
Circus,mnm,Cir·cus,,Substantiv,TRUE
Lob,nmm,Lob,loːp,Substantiv,TRUE
Lob,mmm,Lob,loːp,Substantiv,TRUE
Lob,mmm,Lob,lɔp,Substantiv,TRUE
Kameruner,mmm,Ka·me·ru·ner,ˈkaməʁuːnɐ,Substantiv,TRUE
Kameruner,fmm,Ka·me·ru·ner,ˈkaməʁuːnɐ,Substantiv,TRUE
Kameruner,fmm,Ka·me·ru·ner,,Substantiv,TRUE
Bit,nmm,Bit,bɪt,Substantiv,TRUE
Bit,nmm,Bit,,Substantiv,TRUE
Bit,mmm,Bit,,Substantiv,TRUE
Bit,mnm,Bit,,Substantiv,TRUE
Hacker,mnm,Ha·cker,ˈhɛkɐ,Substantiv,TRUE
Hacker,mnm,Ha·cker,ˈhakɐ,Substantiv,TRUE
Tenor,mnm,Te·nor,teˈnoːɐ̯,Substantiv,TRUE
Tenor,mnm,Te·nor,ˈteːnoːɐ̯,Substantiv,TRUE
,fnm,1,,Substantiv,TRUE
,nnm,2-Pro·pe·nal,ˈt͡svaɪ̯pʁopeˌnaːl,Substantiv,TRUE
,nm,Be·griff,,Substantiv,TRUE
Mode,fnm,Mo·de,ˈmoːdə,Substantiv,TRUE
Mode,mnm,Mo·de,ˈmoːdə,Substantiv,TRUE
Mode,mnm,Mode,ˈmoːdə,Substantiv,TRUE
Mode,mnm,Mode,moːt,Substantiv,TRUE
Ken,nnn,Ken,,Substantiv,TRUE
Ken,nnn,Ken,kɛn,Substantiv,TRUE
Jura,mmn,Ju·ra,ˈjuːʁaː,Substantiv,TRUE
Jura,0mn,Ju·ra,ˈjuːʁaː,Substantiv,TRUE
Jura,0mn,{{kSg.}},ˈjuːʁaː,Substantiv,TRUE
Jura,0mn,{{kSg.}},ˈjuːʁaː,Substantiv,TRUE
Prügel,0nn,{{kSg.}} {{Pl.}} Prü·gel,ˈpʁyːɡəl,Substantiv,TRUE
Prügel,mnn,{{kSg.}} {{Pl.}} Prü·gel,ˈpʁyːɡəl,Substantiv,TRUE
Prügel,mnn,Prü·gel,ˈpʁyːɡəl,Substantiv,TRUE
Gaffer,mmn,Gaf·fer,ˈɡafɐ,Substantiv,TRUE
Gaffer,mmn,Gaf·fer ,ˈɡafɐ,Substantiv,TRUE
Gaffer,mmn,Gaf·fer ,,Substantiv,TRUE
Web,nmn,Web,vɛp,Substantiv,TRUE
Havanna,mmn,Ha·van·na,haˈvana,Substantiv,TRUE
Havanna,fmn,Ha·van·na,haˈvana,Substantiv,TRUE
Havanna,fmn,Ha·van·na,,Substantiv,TRUE
Fackel,fnf,Fa·ckel,ˈfakl̩,Substantiv,TRUE
Fackel,nnf,Fa·ckel,ˈfakl̩,Substantiv,TRUE
Fackel,nnf,Fa·ckel,,Substantiv,TRUE
Fackel,mnf,Fa·ckel,,Substantiv,TRUE
Fackel,mnf,Fa·ckel,:{{IPA,Substantiv,TRUE
Viola,fnf,Vi·o·la,viˈoːla,Substantiv,TRUE
Viola,fnf,Vi·o·la,ˈvi̯oːla,Substantiv,TRUE
Viola,fnf,Vi·o·la,ˈviːola,Substantiv,TRUE
Braun,nmf,Braun,bʁaʊ̯n,Substantiv,TRUE
Braun,mmf,Braun,bʁaʊ̯n,Substantiv,TRUE
Braun,mmf,Braun,,Substantiv,TRUE
,nnf,Ei des Ko·lum·bus,aɪ̯ dəs koˈlʊmbʊs,Substantiv,TRUE
Dust,mnf,Dust,dʊst,Substantiv,TRUE
Dust,mnf,Dust,dast,Substantiv,TRUE
Tram,fnf,Tram,tʁam,Substantiv,TRUE
Tram,mnf,Tram,tʁam,Substantiv,TRUE
Tram,mnf,Tram,tʁaːm,Substantiv,TRUE
Hochzeit,fmf,Hoch·zeit,ˈhɔxˌt͡saɪ̯t,Substantiv,TRUE
Hochzeit,fmf,Hoch·zeit,ˈhoːxˌt͡saɪ̯t,Substantiv,TRUE
Monopol,nff,Mo·no·pol,monoˈpoːl,Substantiv,TRUE
Monopol,mff,Mo·no·pol,monoˈpoːl,Substantiv,TRUE
Monopol,mff,Mo·no·pol,ˈmonopoːl,Substantiv,TRUE
Pudel,mff,Pu·del,ˈpuːdl̩,Substantiv,TRUE
Pudel,fff,Pu·del,ˈpuːdl̩,Substantiv,TRUE
Pudel,fff,Pu·del,,Substantiv,TRUE
Ramme,fmf,Ram·me,ˈʁamə,Substantiv,TRUE
Ramme,mmf,Ram·me,ˈʁamə,Substantiv,TRUE
Ramme,mmf,Ram·me; {{Pl.1}} Ram·me,ˈʁamə,Substantiv,TRUE
Sack,mmf,Sack,zak,Substantiv,TRUE
Sack,mmf,Sack,,Substantiv,TRUE
Type,fff,Ty·pe,ˈtyːpə,Substantiv,TRUE
Type,mff,Ty·pe,ˈtyːpə,Substantiv,TRUE
Type,mff,Type,ˈtyːpə,Substantiv,TRUE
Type,mff,Type,taɪ̯p,Substantiv,TRUE
Puff,mnf,Puff,pʊf,Substantiv,TRUE
Puff,mnf,Puff,,Substantiv,TRUE
Puff,nnf,Puff,pʊf,Substantiv,TRUE
Liquid,mmf,Li·quid,liˈkviːt,Substantiv,TRUE
Liquid,nmf,Li·quid,liˈkviːt,Substantiv,TRUE
Liquid,nmf,Li·quid,,Substantiv,TRUE
,mnf,schwarz·feld·ri·ger Läu·fer,ˈʃvaʁt͡sˌfɛldʁɪɡɐ ˈlɔɪ̯fɐ,Substantiv,TRUE
,mnf,{{kSg.}},ˈɡlaɪ̯çˌfaʁbɪɡə ˈlɔɪ̯fɐ,Substantiv,TRUE
,mnf,{{kSg.}},,Substantiv,TRUE
,fmf,2-Hy·d·ro·xy·pro·pan·säu·re,,Substantiv,TRUE
,nmf,1-Bu·ta·nol,,Substantiv,TRUE
,nmf,1,,Substantiv,TRUE
Butandisäure,fmf,Bu·tan·di·säu·re,,Substantiv,TRUE
Butandisäure,fmf,<model>wikitext</model>,<comment>Worttrennung; IPA</comment>,Substantiv,TRUE
Cyclohexan,nmf,Cy·c·lo·he·xan,ˌt͡syklohɛˈksaːn,Substantiv,TRUE
Cyclohexan,nmf,<model>wikitext</model>,<comment>Worttrennung; IPA</comment>,Substantiv,TRUE
Reff,nnf,Reff,ʁɛf,Substantiv,TRUE
Reff,nnf,Reff,ˈʁɛf,Substantiv,TRUE
Mus,nmf,Mus,muːs,Substantiv,TRUE
Mus,nmf,Mus,,Substantiv,TRUE
,nmf,1-He·xa·nol,,Substantiv,TRUE
,mmf,Spa·ni·sche Par·tie,ˈʃpaːnɪʃə paʁˈtiː,Substantiv,TRUE
cis-,fmf,cis-13-Do·co·sen·säu·re,,Substantiv,TRUE
cis-,fmf,cis-9-Oc·ta·de·cen·säu·re,,Substantiv,TRUE
,fmf,2-Oxo·pro·pan·säu·re,,Substantiv,TRUE
,fmf,1,,Substantiv,TRUE
,fmf,2-Hy·d·ro·xy·ben·zoe·säu·re,,Substantiv,TRUE
,fmf,3,,Substantiv,TRUE
,nmf,2,,Substantiv,TRUE
,fmf,2-Ace·to·xy·ben·zoe·säu·re,,Substantiv,TRUE
,nmf,1-Do·de·ca·nol,,Substantiv,TRUE
,fmf,2,,Substantiv,TRUE
,nmf,2-Pro·pe·nol,,Substantiv,TRUE
,nmf,2-Pro·pen-1-ol,,Substantiv,TRUE
,fmf,3-Phe·nyl·ac·ryl·säu·re,,Substantiv,TRUE
Kuskus,mmf,Kus·kus {{Pl.}} Kus·kus,ˈkʊskʊs,Substantiv,TRUE
Kuskus,mnf,Kus·kus {{Pl.}} Kus·kus,ˈkʊskʊs,Substantiv,TRUE
Kuskus,mnf,Kus·kus {{Sg.2}} Kus·kus,ˈkʊskʊs,Substantiv,TRUE
Kuskus,mnf,Kus·kus {{Sg.2}} Kus·kus,ˈkʊskʊs,Substantiv,TRUE
,fnf,Eng·li·sche Er·öff·nung,ˈɛŋlɪʃə ɛɐ̯ˈʔœfnʊŋ,Substantiv,TRUE
,fnf,Eng·li·sche Sym·me·trie·va·ri·an·te,ˈɛŋlɪʃə zʏmeˈtʁiːvaˌʁi̯antə,Substantiv,TRUE
,fnf,Si·zi·lia·nisch im An·zu·ge,,Substantiv,TRUE
,mnf,Auf·ge·lös·tes Da·men·gam·bit,ˈaʊ̯fɡəløːstəs ˈdaːmənɡambɪt,Substantiv,TRUE
Flosse,fnf,Flos·se,ˈflɔsə,Substantiv,TRUE
Flosse,fnf,<sha1>thbhplfxw9k0sp9zz47kmv6u1164bc9</sha1>,ˈflɔsə,Substantiv,TRUE
Teebeutel,mnf,Tee·beu·tel,:[1] {{IPA {{Lautschrift|ˈteːˌbɔɪ̯tl̩}},Substantiv,TRUE
Teebeutel,mnf,Tee·beu·tel,:[2] {{IPA {{Lautschrift|ˈtiːˌbɔɪ̯tl̩}},Substantiv,TRUE
,nmf,Wie·ner Par·tie,,Substantiv,TRUE
,fmf,Hol·län·disch im An·zu·ge,,Substantiv,TRUE
,fmf,Hol·län·disch im An·zug,,Substantiv,TRUE
,mmf,Nor·di·sches Gam·bit,ˈnɔʁdɪʃəs ɡamˈbɪt,Substantiv,TRUE
Hack,nfn,Hack,hak,Substantiv,TRUE
Hack,mfn,Hack,hak,Substantiv,TRUE
Hack,mfn,Hack,hɛk,Substantiv,TRUE
,fnn,Skan·di·na·vi·sche Ver·tei·di·gung,,Substantiv,TRUE
,mmn,Si·zi·li·a·ni·sche Ver·tei·di·gung,,Substantiv,TRUE
Generation,fmn,Ge·ne·ra·ti·on,ɡeneʁaˈt͡si̯oːn,Substantiv,TRUE
Erbe,nmn,Er·be,ˈɛʁbə,Substantiv,TRUE
Erbe,mmn,Er·be,ˈɛʁbə,Substantiv,TRUE
Erbe,mmn,Er·be ,ˈɛʁbə,Substantiv,TRUE
,fmn,4-Hy·d·ro·xy·bu·tan·säu·re,,Substantiv,TRUE
,fmn,4-Ami·no-1-ben·zol·sul·fon·säu·re,,Substantiv,TRUE
,fmn,2-Ami·no·bu·tan·di·säu·re,,Substantiv,TRUE
,fmn,4-Ami·no·bu·tan·säu·re,,Substantiv,TRUE
,fmn,2-Ami·no·iso·va·le·ri·an·säu·re,,Substantiv,TRUE
,fmn,2-Ami·no-3-me·thyl·bu·tan·säu·re,,Substantiv,TRUE
,fmn,1-Ben·zol·ethan·säu·re,,Substantiv,TRUE
,fmn,2,,Substantiv,TRUE
,fmn,2,t͡svaɪ̯dʁaɪ̯fiːɐ̯fʏnfzɛksˌpɛntahydʁɔksyhɛˈksaːnzɔɪ̯ʁə,Substantiv,TRUE
,nmn,ge·deck·ter Frei·bau·er,ɡəˈdɛktɐ ˈfʁaɪ̯ˌbaʊ̯ɐ,Substantiv,TRUE
,nmn,ent·fern·ter Frei·bau·er,ɛntˈfɛʁntɐ ˈfʁaɪ̯ˌbaʊ̯ɐ,Substantiv,TRUE
Malus,mnn,Ma·lus,ˈmaːlʊs,Substantiv,TRUE
Malus,mnn,Ma·lus,,Substantiv,TRUE
,fmn,Rus·si·sche Ver·tei·di·gung,ˈʁʊsɪʃə fɛɐ̯ˈtaɪ̯dɪɡʊŋ,Substantiv,TRUE
Burka,fmn,Bur·ka,ˈbʊʁka,Substantiv,TRUE
Burka,fmn,Bur·ka,,Substantiv,TRUE
,nnf,Al·pha pri·va·ti·vum,ˈalfa pʁivaˈtiːvʊm,Substantiv,TRUE
Uni,fnf,Uni,ˈʊni,Substantiv,TRUE
Uni,nnf,Uni,ˈʊni,Substantiv,TRUE
Uni,nnf,Uni,yˈniː,Substantiv,TRUE
Geschoß,nnf,Ge·schoß,ɡəˈʃoːs,Substantiv,TRUE
Geschoß,nnf,Ge·schoß,ɡəˈʃɔs,Substantiv,TRUE
,mmf,Fran·zö·si·sche Ver·tei·di·gung,fʁanˈt͡søːzɪʃə fɛɐ̯ˈtaɪ̯dɪɡʊŋ,Substantiv,TRUE
Etagere,fmf,Eta·ge·re,etaˈʒeːʁə,Substantiv,TRUE
Etagere,fmf,Eta·ge·re,:{{IPA|AT {{Lautschrift|etaˈʒeːɐ̯}},Substantiv,TRUE
,mmf,ar·gen·ti·ni·scher Pe·so,,Substantiv,TRUE
,fmf,me·xi·ka·ni·scher Pe·so,,Substantiv,TRUE
,fmf,chi·le·ni·scher Pe·so,,Substantiv,TRUE
,fmf,uru·gu·a·yi·scher Pe·so,,Substantiv,TRUE
,fmf,ko·lum·bi·a·ni·scher Pe·so,,Substantiv,TRUE
,fmf,ku·ba·ni·scher Pe·so,,Substantiv,TRUE
,fmf,Pe·so con·ver·ti·ble,,Substantiv,TRUE
,fmf,do·mi·ni·ka·ni·scher Pe·so,,Substantiv,TRUE
,fff,Si·zi·li·a·ni·sches Flü·gel·gam·bit,,Substantiv,TRUE
,fnf,fett·ar·me Milch,ˈfɛtˌʔaːɐ̯mə mɪlç,Substantiv,TRUE
Penne,fnf,Pen·ne,ˈpɛnə,Substantiv,TRUE
Penne,0nf,Pen·ne,ˈpɛnə,Substantiv,TRUE
Penne,0nf,{{kSg.}},ˈpɛnə,Substantiv,TRUE
,nnf,2-Bu·ta·non,,Substantiv,TRUE
,nnf,2-Me·thyl-2-pro·pa·nol,,Substantiv,TRUE
,nnf,1-Pen·ta·nol,,Substantiv,TRUE
,nnf,2-Me·thyl-1-pro·pa·nol,,Substantiv,TRUE
,nnf,2-Pro·pa·nol,ˌt͡svaɪ̯pʁopaˈnoːl,Substantiv,TRUE
Schema,nff,Sche·ma,:{{IPA [a] {{Lautschrift|ˈʃeːma}},Substantiv,TRUE
Schema,nff,Sche·ma,:{{IPA [b] {{Lautschrift|ˈskeːma}},Substantiv,TRUE
Gage,fmf,Ga·ge,ˈɡaːʒə,Substantiv,TRUE
Gage,mmf,Ga·ge,ˈɡaːʒə,Substantiv,TRUE
Gage,mmf,Ga·ge,ɡɔ̃ːɡ,Substantiv,TRUE
,fnf,Orang-Utan-Er·öff·nung,,Substantiv,TRUE
,fnf,to·te Stel·lung,ˈtoːtə ˈʃtɛlʊŋ,Substantiv,TRUE
Parole,fnf,Pa·ro·le,paˈʁoːlə,Substantiv,TRUE
Parole,fnf,Pa·role,paˈʁoːlə,Substantiv,TRUE
Parole,fnf,Pa·role,paˈʁɔl,Substantiv,TRUE
,fff,Hol·län·di·sche Ver·tei·di·gung,,Substantiv,TRUE
Krater,mff,Kra·ter,ˈkʁaːtɐ,Substantiv,TRUE
Krater,mff,Kra·ter,kʁaˈteːɐ̯,Substantiv,TRUE
Hagen,mff,Ha·gen,ˈhaːɡn̩,Substantiv,TRUE
Hagen,mff,Ha·gen,:{{IPA {{Lautschrift?|…}},Substantiv,TRUE
,nff,Ei des Co·lum·bus,aɪ̯ dəs koˈlʊmbʊs,Substantiv,TRUE
Kapitular,nmf,Ka·pi·tu·lar,ˌkapituˈlaːɐ̯,Substantiv,TRUE
Kapitular,mmf,Ka·pi·tu·lar,ˌkapituˈlaːɐ̯,Substantiv,TRUE
Kapitular,mmf,Ka·pi·tu·lar,kapituˈlaːɐ̯,Substantiv,TRUE
,nmf,Bun·des·amt für Ver·fas·sungs·schutz,ˈbʊndəsˌʔamt fyːɐ̯ fɛɐ̯ˈfasʊŋsˌʃʊt͡s,Substantiv,TRUE
Snack,mmf,Snack,snɛk,Substantiv,TRUE
Snack,mmf,Snack,,Substantiv,TRUE
Anthrax,mnf,An·th·rax,ˈantʁaks,Substantiv,TRUE
Anthrax,nnf,An·th·rax,ˈantʁaks,Substantiv,TRUE
Anthrax,nnf,An·th·rax,:{{IPA{{Lautschrift|ˈantʁaks}},Substantiv,TRUE
Alter,mmf,Al·ter,:{{IPA ein {{Lautschrift|ˈaltɐ}},Substantiv,TRUE
Alter,nmf,Al·ter,:{{IPA ein {{Lautschrift|ˈaltɐ}},Substantiv,TRUE
Alter,nmf,Al·ter,ˈaltɐ,Substantiv,TRUE
Spassvogel,mmf,Spass·vo·gel,ʃpaːsfoːɡəl,Substantiv,TRUE
Spassvogel,mmf,Spass·vo·gel,ʃpasfoːɡəl,Substantiv,TRUE
Russ,mmf,Russ,:{{IPA|CH&amp;LI {{Lautschrift|ʁuːs}},Substantiv,TRUE
Russ,mmf,Russ,:{{IPA|AT {{Lautschrift|ʁʊs}},Substantiv,TRUE
Diner,nnf,Di·ner,diˈneː,Substantiv,TRUE
Diner,mnf,Di·ner,diˈneː,Substantiv,TRUE
Diner,mnf,Di·ner,ˈdaɪ̯nɐ,Substantiv,TRUE
Talk,mff,Talk,talk,Substantiv,TRUE
Talk,mff,Talk,tɔːk,Substantiv,TRUE
Flame,mff,Fla·me,ˈflaːmə,Substantiv,TRUE
Flame,nff,Fla·me,ˈflaːmə,Substantiv,TRUE
Flame,nff,Flame,ˈflaːmə,Substantiv,TRUE
Flame,nff,Flame,flɛɪ̯m,Substantiv,TRUE
Augustus,mnf,Au·gus·tus,aʊ̯ˈɡʊstʊs,Substantiv,TRUE
Augustus,mnf,Au·gu·stus,aʊ̯ˈɡʊstʊs,Substantiv,TRUE
Loser,mmf,Lo·ser,ˈluːzɐ,Substantiv,TRUE
Loser,mmf,Lo·ser,ˈloːzɐ,Substantiv,TRUE
Editor,mnf,Edi·tor,ˈeːditoːɐ̯,Substantiv,TRUE
Editor,mnf,Edi·tor,ˈɛdɪtɐ,Substantiv,TRUE
Geschoss,nnf,Ge·schoss,ɡəˈʃɔs,Substantiv,TRUE
Geschoss,nnf,Ge·schoss,ɡəˈʃoːs,Substantiv,TRUE
Session,fnf,Ses·si·on,zɛˈsi̯oːn,Substantiv,TRUE
Session,fnf,Ses·sion,zɛˈsi̯oːn,Substantiv,TRUE
Session,fnf,Ses·sion,ˈsɛʃn̩,Substantiv,TRUE
Fes,mmf,Fes,feːs,Substantiv,TRUE
Fes,nmf,Fes,feːs,Substantiv,TRUE
Fes,nmf,Fes,fɛs,Substantiv,TRUE
Mascara,mff,Mas·ca·ra,masˈkaːʁa,Substantiv,TRUE
Mascara,mff,Mas·ca·ra {{Pl.}} Mas·ca·ras,masˈkaːʁa,Substantiv,TRUE
,mmf,Ra·yon,ʁɛˈjɔ̃ː,Substantiv,TRUE
,nmf,Ra·yon,ʁɛˈjɔ̃ː,Substantiv,TRUE
,nmf,Ra·yon,ʁɛˈjɔ̃,Substantiv,TRUE
,mnf,Flip-Flop,ˈflɪpflɔp,Substantiv,TRUE
,nnf,Flip-Flop,ˈflɪpflɔp,Substantiv,TRUE
Fund,mmf,Fund,fʊnt,Substantiv,TRUE
Fund,mmf,Fund,,Substantiv,TRUE
Fund,nmf,Fund,,Substantiv,TRUE
Arnis,fmf,Ar·nis,,Substantiv,TRUE
Arnis,nmf,Ar·nis,,Substantiv,TRUE
Arnis,nmf,Arnis,,Substantiv,TRUE
Pascha,mnf,Pa·scha,ˈpaʃa,Substantiv,TRUE
Pascha,nnf,Pa·scha,ˈpaʃa,Substantiv,TRUE
Pascha,nnf,Pas·cha,ˈpaʃa,Substantiv,TRUE
Pascha,nnf,Pas·cha,ˈpasça,Substantiv,TRUE
Burger,mnf,Bur·ger,ˈbœːɐ̯ɡɐ,Substantiv,TRUE
Burger,mnf,Bur·ger,ˈbʊʁɡɐ,Substantiv,TRUE
Hab,mmf,Hab,,Substantiv,TRUE
Hab,mmf,Hab,haːp,Substantiv,TRUE
Sicke,mmf,Si·cke,,Substantiv,TRUE
Sicke,fmf,Si·cke,,Substantiv,TRUE
Sicke,fmf,Si·cke,ˈzɪkə,Substantiv,TRUE
,fnf,1-Raum-Woh·nung,ˈaɪ̯nʁaʊ̯mˌvoːnʊŋ,Substantiv,TRUE
,fnf,1-Zim·mer-Woh·nung,aɪ̯nˈt͡sɪmɐˌvoːnʊŋ,Substantiv,TRUE
Kasachisch,m-lnf,Ka·sa·chisch,kaˈzaxɪʃ,Substantiv,TRUE
Hag,mnf,Hag,,Substantiv,TRUE
Hag,mnf,Hag,haːk,Substantiv,TRUE
Mignon,fmf,Mi·g·non,mɪnˈjɔ̃,Substantiv,TRUE
Mignon,mmf,Mi·g·non,mɪnˈjɔ̃,Substantiv,TRUE
Mignon,mmf,Mig·non,mɪnˈjɔ̃,Substantiv,TRUE
Mignon,mmf,Mig·non,mɪnˈjɔ̃ː,Substantiv,TRUE
Lulu,mmf,Lu·lu,ˈluːlu,Substantiv,TRUE
Lulu,mmf,Lu·lu,,Substantiv,TRUE
Attitude,fnf,At·ti·tude,atiˈtyːd,Substantiv,TRUE
Attitude,fnf,At·ti·tu·de,atiˈtyːd,Substantiv,TRUE
Attitude,fnf,At·ti·tu·de,,Substantiv,TRUE
Māori,mff,Ma·o·ri,maˈoːʁi,Substantiv,TRUE
Māori,{{Deutsch Name Übersichtn}}ff,Ma·o·ri,maˈoːʁi,Substantiv,TRUE
Māori,{{Deutsch Name Übersichtn}}ff,Ma·o·ri,,Substantiv,TRUE
Wachstube,fff,Wach·stu·be,ˈvaxˌʃtuːbə,Substantiv,TRUE
Wachstube,fff,Wachs·tu·be,ˈvaxˌʃtuːbə,Substantiv,TRUE
Wachstube,fff,Wachs·tu·be,ˈvaksˌtuːbə,Substantiv,TRUE
Ginkgo,mnf,Gink·go,ˈɡɪŋko,Substantiv,TRUE
Ginkgo,mnf,Gin·kgo,ˈɡɪŋko,Substantiv,TRUE
Lache,fnf,La·che,ˈlaːxə,Substantiv,TRUE
Lache,fnf,La·che,ˈlaxə,Substantiv,TRUE
Agar,mnf,Agar,aɡaʁ,Substantiv,TRUE
Agar,nnf,Agar,aɡaʁ,Substantiv,TRUE
Agar,nnf,Agar,,Substantiv,TRUE
Hundert,fmf,Hun·dert,ˈhʊndɐt,Substantiv,TRUE
Hundert,nmf,Hun·dert,ˈhʊndɐt,Substantiv,TRUE
Hundert,0mf,Hun·dert,ˈhʊndɐt,Substantiv,TRUE
Hundert,0mf,{{kSg.}},ˈhʊndɐt,Substantiv,TRUE
Hundert,0mf,{{kSg.}},ˈhʊndɐtə,Substantiv,TRUE
Navajo,{{Deutsch Name Übersichtn}}mf,Na·va·jo,,Substantiv,TRUE
Navajo,mmf,Na·va·jo,,Substantiv,TRUE
Navajo,mmf,Na·va·jo,ˈnɛvəhoʊ|naˈvaxo,Substantiv,TRUE
Franzosen,fff,Fran·zo·sen,ˌfʁanˈt͡soːzn̩,Substantiv,TRUE
Franzosen,0ff,Fran·zo·sen,ˌfʁanˈt͡soːzn̩,Substantiv,TRUE
Franzosen,0ff,{{kSg.}},ˌfʁanˈt͡soːzn̩,Substantiv,TRUE
Vlax,{{Deutsch Name Übersichtn}}ff,Vlax,,Substantiv,TRUE
Vlax,0ff,Vlax,,Substantiv,TRUE
Vlax,0ff,{{kSg.}},,Substantiv,TRUE
Trial,nmf,Tri·al,ˈtʁaɪ̯əl,Substantiv,TRUE
Trial,mmf,Tri·al,ˈtʁaɪ̯əl,Substantiv,TRUE
Trial,mmf,Tri·al,ˈtʁiːaːl,Substantiv,TRUE
Negus,mmf,Ne·gus,ˈneːɡʊs,Substantiv,TRUE
Negus,mmf,Ne·gus,ˈniːɡəs,Substantiv,TRUE
L,mmf,L1-Er·werb,ɛlˈʔaɪ̯nsʔɛɐ̯ˌvɛʁp,Substantiv,TRUE
L,mmf,L2-Er·werb,ɛlˈt͡svaɪ̯ʔɛɐ̯ˌvɛʁp,Substantiv,TRUE
Antezedenzien,fnf,An·te·ze·den·zi·en,antet͡seˈdɛnt͡si̯ən,Substantiv,TRUE
Antezedenzien,0nf,An·te·ze·den·zi·en,antet͡seˈdɛnt͡si̯ən,Substantiv,TRUE
Antezedenzien,0nf,{{kSg.}},antet͡seˈdɛnt͡si̯ən,Substantiv,TRUE
Effekten,fnf,Ef·fek·ten,ɛˈfɛktn̩,Substantiv,TRUE
Effekten,0nf,Ef·fek·ten,ɛˈfɛktn̩,Substantiv,TRUE
Effekten,0nf,{{kSg.}},ɛˈfɛktn̩,Substantiv,TRUE
Kerle,0nf,Ker·le,ˈkɛʁlə,Substantiv,TRUE
Kerle,mnf,Ker·le,ˈkɛʁlə,Substantiv,TRUE
Kerle,mnf,Ker·le,,Substantiv,TRUE
Sasse,mff,Sas·se,,Substantiv,TRUE
Sasse,fff,Sas·se,,Substantiv,TRUE
Sasse,fff,Sas·se,ˈzasə,Substantiv,TRUE
Jus,fnm,Jus,ʒyː,Substantiv,TRUE
Jus,nnm,Jus,ʒyː,Substantiv,TRUE
Jus,nnm,Jus,juːs,Substantiv,TRUE
Affenzahn,mnm,Af·fen·zahn,ˈafn̩ˌt͡saːn,Substantiv,TRUE
Affenzahn,mnm,Af·fen·zahn,:{{IPA  {{Lautschrift|ˌafn̩ˈt͡saːn}},Substantiv,TRUE
Python,mfm,Py·thon,ˈpyːtɔn,Substantiv,TRUE
Python,nfm,Py·thon,ˈpyːtɔn,Substantiv,TRUE
Python,nfm,Py·thon,ˈpaɪ̯θən,Substantiv,TRUE
Barkasse,fnm,Bar·kas·se,baʁˈkasə,Substantiv,TRUE
Barkasse,fnm,Bar·kas·se,ˈbaːɐ̯ˌkasə,Substantiv,TRUE
Nutria,fmn,Nu·t·ria,ˈnuːtʁɪa,Substantiv,TRUE
Nutria,mmn,Nu·t·ria,ˈnuːtʁɪa,Substantiv,TRUE
Nutria,mmn,Nu·tria,ˈnuːtʁɪa,Substantiv,TRUE
Fulltime-Job,mmn,Full·time-Job,ˈfʊltaɪ̯mˌd͡ʒɔp,Substantiv,TRUE
Fulltime-Job,mmn,Full-Time-Job,ˈfʊltaɪ̯mˌd͡ʒɔp,Substantiv,TRUE
Eierstich,mmn,Ei·er·stich,ˈaɪ̯ɐˌʃtɪç,Substantiv,TRUE
Eierstich,mmn,<model>wikitext</model>,<comment>Worttrennung; IPA</comment>,Substantiv,TRUE
Manual,nfn,Ma·nu·al,manuˈaːl,Substantiv,TRUE
Manual,nfn,Ma·nu·al,ˈmɛnju̯əl,Substantiv,TRUE
Raphia,fmn,Ra·phia,ˈʁafi̯a,Substantiv,TRUE
Raphia,fmn,Ra·phia,,Substantiv,TRUE
Eubakterie,ffn,Eu·bak·te·rie,ɔɪ̯bakˈteːʁiə,Substantiv,TRUE
Eubakterie,ffn,Eu·bak·te·rie ,ɔɪ̯bakˈteːʁiə,Substantiv,TRUE
Eubakterie,ffn,Eu·bak·te·rie ,ɔɪ̯bakteˈʁiː,Substantiv,TRUE
,mnn,Ho·mo oe·co·no·mi·cus,ˌhoːmo ʔøkoˈnoːmikʊs,Substantiv,TRUE
Web,nnn,Web 2.0,vɛp t͡svaɪ̯ nʊl,Substantiv,TRUE
Sports,mnn,Sports,ʃpɔʁt͡s,Substantiv,TRUE
Sports,0nn,Sports,ʃpɔʁt͡s,Substantiv,TRUE
Sports,0nn,Sports,spɔʁt͡s,Substantiv,TRUE
Hacken,nnn,Ha·cken,ˈhakn̩,Substantiv,TRUE
Hacken,nnn,Ha·cken,ˈhɛkn̩,Substantiv,TRUE
Hacken,mnn,Ha·cken,ˈhɛkn̩,Substantiv,TRUE
Hacken,mnn,Ha·cken,ˈhakn̩,Substantiv,TRUE
Hacken,fnn,Ha·cken,ˈhakn̩,Substantiv,TRUE
Hacken,fnn,Ha·cken,ˈhakn̩,Substantiv,TRUE
,mmn,11. Sep·tem·ber,ˌɛlftɐ zɛpˈtɛmbɐ,Substantiv,TRUE
Lyoner,mmn,Ly·o·ner {{kSt.}},ˈli̯oːnɐ,Substantiv,TRUE
Lyoner,mmn,Ly·o·ner,ˈli̯oːnɐ,Substantiv,TRUE
Lyoner,fmn,Ly·o·ner,ˈli̯oːnɐ,Substantiv,TRUE
Empire,nnn,Em·pi·re,ˈɛmpaɪ̯ɐ,Substantiv,TRUE
Empire,nnn,Em·pi·re,ɑ̃ˈpiːɐ̯,Substantiv,TRUE
Jota,fmn,Jo·ta,ˈxoːta,Substantiv,TRUE
Jota,nmn,Jo·ta,ˈxoːta,Substantiv,TRUE
Jota,nmn,Jo·ta,ˈjoːta,Substantiv,TRUE
Revers,nmn,Re·vers,:[1] {{IPA {{Lautschrift|ʁeˈveːɐ̯}},Substantiv,TRUE
Revers,nmn,Re·vers,:[2] {{IPA {{Lautschrift|ʁeˈvɛʁs}},Substantiv,TRUE
Robot,fmn,Ro·bot,ˈʁɔbɔt,Substantiv,TRUE
Robot,mmn,Ro·bot,ˈʁɔbɔt,Substantiv,TRUE
Robot,mmn,Ro·bot,:{{IPA,Substantiv,TRUE
Rock,mnn,Rock ’n’ Roll,ʁɔkn̩ˈʁoːl,Substantiv,TRUE
Vollzug,mmn,Voll·zug,ˈfɔlˌt͡suːk,Substantiv,TRUE
Vollzug,mmn,Voll·zug,fɔlˈt͡suːk,Substantiv,TRUE
Heptagon,nmn,Hep·ta·gon,hɛptaˈɡoːn,Substantiv,TRUE
Heptagon,nmn,<model>wikitext</model>,<comment>Worttrennung; IPA</comment>,Substantiv,TRUE
Quatember,mmm,Qua·tem·ber,ˌkvaˈtɛmbɐ,Substantiv,TRUE
Quatember,mmm,<model>wikitext</model>,<comment>Worttrennung; IPA</comment>,Substantiv,TRUE
,fnm,@1@,:{{IPA @3@,Substantiv,TRUE
Reunion,fnm,Re·uni·on,ʁeʔuˈni̯oːn,Substantiv,TRUE
Reunion,fnm,Re·uni·on,ʁeʔyˈni̯ɔ̃ː,Substantiv,TRUE
Reunion,fnm,Re·uni·on,ʁiˈjʊni̯ən,Substantiv,TRUE
Dreh,mnn,Dreh,dʁeː,Substantiv,TRUE
Dreh,mnn,Dreh,dr̺eː,Substantiv,TRUE
Drehe,fnn,Dre·he,ˈdʁeːə,Substantiv,TRUE
Drehe,fnn,Dre·he,ˈdr̺eːə,Substantiv,TRUE
Journal,nnn,Jour·nal,ʒʊʁˈnaːl,Substantiv,TRUE
Journal,nnn,Jour·nal,ˈd͡ʒəːnl̩,Substantiv,TRUE
Generation,fmn,Ge·ne·ra·ti·on @,ɡeneʁaˈt͡si̯oːn ˈɛt,Substantiv,TRUE
,fnn,’Ndran·ghe·ta,ˈndʁaŋɡeta,Substantiv,TRUE
K,0mn,{{kSg.}},kaːˈʔoːˌtʁɔp͡fn̩,Substantiv,TRUE
,mmn,1. Ko·rin·ther·brief,ˌeːɐ̯stɐ koˈʁɪntɐˌbʁiːf,Substantiv,TRUE
,mmn,2. Ko·rin·ther·brief,ˌt͡svaɪ̯tɐ koˈʁɪntɐˌbʁiːf,Substantiv,TRUE
Piccolo,mnn,Pic·co·lo,ˈpɪkolo,Substantiv,TRUE
Piccolo,fnn,Pic·co·lo,ˈpɪkolo,Substantiv,TRUE
Piccolo,fnn,Pic·co·lo,,Substantiv,TRUE
Piccolo,nnn,Pic·co·lo,,Substantiv,TRUE
Fehl,mnn,Fehl,feːl,Substantiv,TRUE
Fehl,nnn,Fehl,feːl,Substantiv,TRUE
Fehl,fnn,Fehl,feːl,Substantiv,TRUE
Fehl,fnn,Fehl,,Substantiv,TRUE
Check,mmn,Check,t͡ʃɛk,Substantiv,TRUE
Check,mmn,Check,ʃɛk,Substantiv,TRUE
,fnn,@1@,:{{IPA @3@,Substantiv,TRUE
Wässern,fnn,Wäs·sern,ˈvɛsɐn,Substantiv,TRUE
Wässern,nnn,Wäs·sern,ˈvɛsɐn,Substantiv,TRUE
Wässern,nnn,Wäs·sern {{kPl.}},ˈvɛsɐn,Substantiv,TRUE
Sergeant,mmf,Ser·geant,zɛʁˈʒant,Substantiv,TRUE
Sergeant,mmf,Ser·geant,:{{IPA ''englisch'': {{Lautschrift|zaːɐ̯ˈʒn̩t}},Substantiv,TRUE
Scharpie,fmf,Schar·pie,ʃaʁˈpiː,Substantiv,TRUE
Scharpie,nmf,Schar·pie,ʃaʁˈpiː,Substantiv,TRUE
Scharpie,nmf,Schar·pie,ˈʃaʁpi,Substantiv,TRUE
K,fnf,K.-u.-k.-Mo·n·ar·chie,,Substantiv,TRUE
K,mnf,K.-o.-Sieg,kaːˈʔoːˌziːk,Substantiv,TRUE
Port,mnf,Port,pɔʁt,Substantiv,TRUE
Port,mnf,Port,,Substantiv,TRUE
Musikkapelle,fnf,Mu·sik·ka·pel·le,muˈziːkkapɛlə,Substantiv,TRUE
Musikkapelle,fnf,Mu·sik·ka·pel·le,:{{IPA ''[[österreichisch]]:'' {{Lautschrift|muˈzɪkkapɛlə}},Substantiv,TRUE
Wachtraum,mmf,Wach·traum,ˈvaxˌtʁaʊ̯m,Substantiv,TRUE
Wachtraum,mmf,Wacht·raum,ˈvaxˌtʁaʊ̯m,Substantiv,TRUE
Wachtraum,mmf,Wacht·raum,ˈvaxtˌʁaʊ̯m,Substantiv,TRUE
Traumprinz,mnf,Traum·prinz,ˈtʁaʊ̯mˌpʁɪnt͡s,Substantiv,TRUE
Traumprinz,mnf,wel·tos,ˈwɛltɔs,Substantiv,TRUE
Massenpunkt,mff,Mas·sen·punkt,ˈmasn̩ˌpʊŋkt,Substantiv,TRUE
Massenpunkt,mff,<model>wikitext</model>,<comment>Korrektur Worttrennung; IPA</comment>,Substantiv,TRUE
Perl,nff,Perl,pœːɐ̯l,Substantiv,TRUE
Perl,fff,Perl,pœːɐ̯l,Substantiv,TRUE
Perl,fff,Perl,pɛʁl,Substantiv,TRUE
Birk,fmf,Birk,bɪʁk,Substantiv,TRUE
Birk,nmf,Birk,bɪʁk,Substantiv,TRUE
Birk,nmf,Birk,ˈbɪʁk,Substantiv,TRUE
Oka,fmf,Oka,aˈka,Substantiv,TRUE
Oka,fmf,Oka,ˈoːka,Substantiv,TRUE
Ban,mnf,Ban,baːn,Substantiv,TRUE
Ban,nnf,Ban,baːn,Substantiv,TRUE
Ban,nnf,Ban,ban,Substantiv,TRUE
Ammon,mmf,Am·mon,,Substantiv,TRUE
Ammon,nmf,Am·mon,,Substantiv,TRUE
Ammon,nmf,Am·mon,aˈmoːn,Substantiv,TRUE
,mmf,400-Eu·ro-Job,ˌfiːɐ̯hʊndɐtˈʔɔɪ̯ʁoˌdʒɔp,Substantiv,TRUE
,nff,2-He·xa·nol,,Substantiv,TRUE
,nff,3-He·xa·nol,,Substantiv,TRUE
,mff,450-Eu·ro-Job,ˌfiːɐ̯hʊndɐtˌfʏnft͡sɪçˈʔɔɪ̯ʁoˌdʒɔp,Substantiv,TRUE
,mff,1-Eu·ro-Job,aɪ̯nˈʔɔɪ̯ʁod͡ʒɔp,Substantiv,TRUE
,mff,400-Eu·ro-Job·ber,ˌfiːɐ̯hʊndɐtˈʔɔɪ̯ʁoˌd͡ʒɔbɐ,Substantiv,TRUE
,nmf,Web-Se·mi·nar,ˈvɛbzemiˌnaːɐ̯,Substantiv,TRUE
,mmf,1-Eu·ro-Job·ber,ˌaɪ̯nˈʔɔɪ̯ʁoˌd͡ʒɔbɐ,Substantiv,TRUE
Pint,mmf,Pint,pɪnt,Substantiv,TRUE
Pint,nmf,Pint,pɪnt,Substantiv,TRUE
Pint,nmf,Pint,paɪ̯nt,Substantiv,TRUE
Item,nmf,Item,ˈaɪ̯təm,Substantiv,TRUE
Item,nmf,Item,ˈiːtɛm,Substantiv,TRUE
,mff,60-Se·kun·den-Takt,ˌzɛçt͡sɪçzeˈkʊndn̩ˌtakt,Substantiv,TRUE
,mff,5-Mi·nu·ten-Takt,ˌfʏnfmiˈnuːtn̩ˌtakt,Substantiv,TRUE
Daina,fnf,Dai·na,daɪ̯ˈna,Substantiv,TRUE
Daina,fnf,Dai·na,ˈdaɪ̯na,Substantiv,TRUE
Dan,mnf,Dan,,Substantiv,TRUE
Dan,mnf,Dan,daːn,Substantiv,TRUE
,mnf,50-Eu·ro-Schein,fʏnft͡sɪçˈʔɔɪ̯ʁoˌʃaɪ̯n,Substantiv,TRUE
Back,fmf,Back,bak,Substantiv,TRUE
Back,mmf,Back,bak,Substantiv,TRUE
Back,mmf,Back,bɛk,Substantiv,TRUE
,nnf,@1@,:{{IPA @3@,Substantiv,TRUE
Thumbnail,nmf,Thumb·nail,ˈtʊmpneɪl,Substantiv,TRUE
Thumbnail,nmf,Thumb·nail,:{{IPA|BE {{Lautschrift|ˈθʌmneɪl}},Substantiv,TRUE
Heldentat,fnf,Hel·den·tat,ˈhɛldn̩ˌtaːt,Substantiv,TRUE
Heldentat,fnf,ᚹᚨᛗ·ᛒᛟ,ˈwɑm.bɔː,Substantiv,TRUE
C,nmf,C4,t͡seːˈfiːɐ̯,Substantiv,TRUE
Landesverteidigung,fnf,Lan·des·ver·tei·di·gung,ˈlandəsfɛɐ̯ˌtaɪ̯dɪɡʊŋ,Substantiv,TRUE
Client,mff,Cli·ent,ˈklaɪ̯ənt,Substantiv,TRUE
Server-Anwendung,fff,Ser·ver-An·wen·dung,ˈsœːvə(r)anvɛndʊŋ,Substantiv,TRUE
Server-Anwendung,fff,Ser·ver-An·wen·dung,ˈsœːɐ̯vɐanvɛndʊŋ,Substantiv,TRUE
Client,fff,Cli·ent/Ser·ver-An·wen·dung,klaɪəntˈsœːɐ̯vɐˌʔanvɛndʊŋ,Substantiv,TRUE
,fmf,40-Stun·den-Wo·che,fɪʁt͡sɪçˈʃtʊndn̩ˌvɔxə,Substantiv,TRUE
,mff,Be·griff,,Substantiv,TRUE
,fff,Sa·che,,Substantiv,TRUE
,nff,Wort,,Substantiv,TRUE
Cox,fmf,Cox’ Oran·ge,,Substantiv,TRUE
Cox,mmf,Cox,,Substantiv,TRUE
Schiwa,mnf,Schi·wa,ˈʃiːva,Substantiv,TRUE
Schiwa,fnf,Schi·wa,ˈʃiːva,Substantiv,TRUE
Schiwa,fnf,Schi·wa,ʃivˈʔaː,Substantiv,TRUE
,mmf,1,ˈaɪ̯ns ˌkɔma ˈzɛks ˈliːtɐ/ˈlɪtɐ ˌbɛnˈt͡siːnɐ,Substantiv,TRUE
Dezil,nff,De·zil,deˈt͡siːl,Substantiv,TRUE
Dezil,nff,<model>wikitext</model>,<comment>Worttrennung nach deutscher Rechtschreibung; IPA; Kleinschreibung (englisch)</comment>,Substantiv,TRUE
Formel,fnf,For·mel 1,ˌfɔʁml̩ ˈaɪ̯ns,Substantiv,TRUE
,mmf,46-Jäh·ri·ger,,Substantiv,TRUE
Xoanon,nmf,Xo·a·non,ˈksoːanɔn,Substantiv,TRUE
Xoanon,nmf,Weiters wurde diskutiert,Weiters wurde diskutiert,Substantiv,TRUE
Store,fmf,Sto·re,stoːɐ̯,Substantiv,TRUE
Store,mmf,Sto·re,stoːɐ̯,Substantiv,TRUE
Store,mmf,Store,stoːɐ̯,Substantiv,TRUE
Store,mmf,Store,stɔːɐ̯,Substantiv,TRUE
Elementmolekül,nmf,Ele·ment·mo·le·kül,eleˈmɛntmoleˌkyːl,Substantiv,TRUE
Elementmolekül,nmf,<model>wikitext</model>,<comment>Korrektur Worttrennung; IPA</comment>,Substantiv,TRUE
Mammutbaum,mnf,Mam·mut·baum,ˈmamʊtˌbaʊ̯m,Substantiv,TRUE
Mammutbaum,mnf,<model>wikitext</model>,<comment>Worttrennung; IPA</comment>,Substantiv,TRUE
Küchlein,nmf,Küch·lein,:[1,Substantiv,TRUE
Küchlein,nmf,Küch·lein,:[3] {{IPA {{Lautschrift|ˈkʏçlaɪ̯n}},Substantiv,TRUE
Kat,mnf,Kat,kat,Substantiv,TRUE
Kat,nnf,Kat,kat,Substantiv,TRUE
Kat,nnf,Kat,,Substantiv,TRUE
,mnf,3-D-Dru·cker,dʁaɪ̯ˈdeːˌdʁʊkɐ,Substantiv,TRUE
Gamergate,fmf,Ga·m·er·ga·te,:{{IPA {{Lautschrift?|ɡamɛʁˈɡaːtə}},Substantiv,TRUE
Gamergate,nmf,Ga·m·er·ga·te,:{{IPA {{Lautschrift?|ɡamɛʁˈɡaːtə}},Substantiv,TRUE
Gamergate,nmf,Ga·mer·gate,:{{IPA {{Lautschrift?|ɡamɛʁˈɡaːtə}},Substantiv,TRUE
Gamergate,nmf,Ga·mer·gate,ˈɡɛɪ̯mɐˌɡɛɪ̯t,Substantiv,TRUE
Spassmacher,mnf,Spass·ma·cher,ˈʃpaːsˌmaxɐ,Substantiv,TRUE
Spassmacher,mnf,Spass·ma·cher,ˈʃpasˌmaxɐ,Substantiv,TRUE
Fasten,nmf,Fas·ten,ˈfastn̩,Substantiv,TRUE
Fasten,0mf,Fas·ten,ˈfastn̩,Substantiv,TRUE
Fasten,0mf,{{kSg.}},ˈfastn̩,Substantiv,TRUE
,nnf,Gar·nichts,ˈɡaːɐ̯ˌnɪçt͡s,Substantiv,TRUE
,nmf,Gar·nichts,ˈɡaːɐ̯ˌnɪçt͡s,Substantiv,TRUE
,mmf,59-Jäh·ri·ger,ˈnɔɪ̯nʊntfʏnft͡sɪçˌjɛːʁɪɡɐ,Substantiv,TRUE
Maser,mfn,Ma·ser,ˈmɛɪ̯zɐ,Substantiv,TRUE
Maser,ffn,Ma·ser,ˈmɛɪ̯zɐ,Substantiv,TRUE
Maser,ffn,Ma·ser,ˈmaːzɐ,Substantiv,TRUE
Trompe-l,mnn,Trompe-l’œil,tʁɔ̃pˈlœj,Substantiv,TRUE
Trompe-l,mnn,Trompe-l’Œil,tʁɔ̃pˈlœj,Substantiv,TRUE
,fnn,Auf·merk·sam·keits-Hy·per·ak·ti·vi·täts·stö·rung,,Substantiv,TRUE
,fmn,1-Cent-Mün·ze,aɪ̯nˈsɛntˌmʏnt͡sə,Substantiv,TRUE
,nmn,1-Cent-Stück,aɪ̯nˈsɛntˌʃtʏk,Substantiv,TRUE
,fmn,2-Cent-Mün·ze,t͡svaɪ̯ˈsɛntˌmʏnt͡sə,Substantiv,TRUE
,nmn,2-Cent-Stück,t͡svaɪ̯ˈsɛntˌʃtʏk,Substantiv,TRUE
,fmn,5-Cent-Mün·ze,fʏnfˈsɛntˌmʏnt͡sə,Substantiv,TRUE
,fmn,10-Cent-Mün·ze,t͡seːnˈsɛntˌmʏnt͡sə,Substantiv,TRUE
,nmn,10-Cent-Stück,t͡seːnˈsɛntˌʃtʏk,Substantiv,TRUE
,fmn,20-Cent-Mün·ze,t͡svant͡sɪçˈsɛntˌmʏnt͡sə,Substantiv,TRUE
,nmn,20-Cent-Stück,t͡svant͡sɪçˈsɛntˌʃtʏk,Substantiv,TRUE
,fmn,50-Cent-Mün·ze,fʏnft͡sɪçˈsɛntˌmʏnt͡sə,Substantiv,TRUE
,nmn,5-Cent-Stück,fʏnfˈsɛntˌʃtʏk,Substantiv,TRUE
,nmn,50-Cent-Stück,fʏnft͡sɪçˈsɛntˌʃtʏk,Substantiv,TRUE
,fmn,1-Eu·ro-Mün·ze,aɪ̯nˈʔɔɪ̯ʁoˌmʏnt͡sə,Substantiv,TRUE
,nmn,1-Eu·ro-Stück,aɪ̯nˈʔɔɪ̯ʁoˌʃtʏk,Substantiv,TRUE
,fmn,2-Eu·ro-Mün·ze,t͡svaɪ̯ˈʔɔɪ̯ʁoˌmʏnt͡sə,Substantiv,TRUE
,nmn,2-Eu·ro-Stück,t͡svaɪ̯ˈʔɔɪ̯ʁoˌʃtʏk,Substantiv,TRUE
,mmn,5-Eu·ro-Schein,fʏnfˈʔɔɪ̯ʁoˌʃaɪ̯n,Substantiv,TRUE
,mmn,10-Eu·ro-Schein,t͡seːnˈʔɔɪ̯ʁoˌʃaɪ̯n,Substantiv,TRUE
,mmn,20-Eu·ro-Schein,t͡svant͡sɪçˈʔɔɪ̯ʁoˌʃaɪ̯n,Substantiv,TRUE
,mmn,100-Eu·ro-Schein,hʊndɐtˈʔɔɪ̯ʁoˌʃaɪ̯n,Substantiv,TRUE
,mmn,200-Eu·ro-Schein,t͡svaɪ̯hʊndɐtˈʔɔɪ̯ʁoˌʃaɪ̯n,Substantiv,TRUE
,mmn,500-Eu·ro-Schein,fʏnfhʊndɐtˈʔɔɪ̯ʁoˌʃaɪ̯n,Substantiv,TRUE
,mmn,5-Mark-Schein,fʏnfˈmaʁkˌʃaɪ̯n,Substantiv,TRUE
,mmn,10-Mark-Schein,t͡seːnˈmaʁkˌʃaɪ̯n,Substantiv,TRUE
,mmn,20-Mark-Schein,t͡svant͡sɪçˈmaʁkˌʃaɪ̯n,Substantiv,TRUE
,mmn,50-Mark-Schein,fʏnft͡sɪçˈmaʁkˌʃaɪ̯n,Substantiv,TRUE
,mmn,100-Mark-Schein,hʊndɐtˈmaʁkˌʃaɪ̯n,Substantiv,TRUE
,mmn,200-Mark-Schein,t͡svaɪ̯hʊndɐtˈmaʁkˌʃaɪ̯n,Substantiv,TRUE
,mmn,500-Mark-Schein,fʏnfhʊndɐtˈmaʁkˌʃaɪ̯n,Substantiv,TRUE
,mmn,1000-Mark-Schein,taʊ̯zn̩tˈmaʁkˌʃaɪ̯n,Substantiv,TRUE
Bacile,nmn,Ba·ci·le,baˈt͡ʃiːlə,Substantiv,TRUE
Bacile,mmn,Ba·ci·le,baˈt͡ʃiːlə,Substantiv,TRUE
Bacile,mmn,Ba·ci·le,,Substantiv,TRUE
Bahai,mnn,Ba·hai,baˈhaɪ̯,Substantiv,TRUE
Bahai,fnn,Ba·hai,baˈhaɪ̯,Substantiv,TRUE
Bahai,fnn,Ba·hai,,Substantiv,TRUE
,mnn,10-Fran·ken-Schein,t͡seːnˈfʁaŋkn̩ˌʃaɪ̯n,Substantiv,TRUE
,mnn,20-Fran·ken-Schein,t͡svant͡sɪçˈfʁaŋkn̩ˌʃaɪ̯n,Substantiv,TRUE
,mnn,50-Fran·ken-Schein,fʏnft͡sɪçˈfʁaŋkn̩ˌʃaɪ̯n,Substantiv,TRUE
,mnn,100-Fran·ken-Schein,hʊndɐtˈfʁaŋkn̩ˌʃaɪ̯n,Substantiv,TRUE
,mnn,200-Fran·ken-Schein,t͡svaɪ̯hʊndɐtˈfʁaŋkn̩ˌʃaɪ̯n,Substantiv,TRUE
,mnn,1000-Fran·ken-Schein,taʊ̯zn̩tˈfʁaŋkn̩ˌʃaɪ̯n,Substantiv,TRUE
,fnn,10-Fran·ken-No·te,t͡seːnˈfʁaŋkn̩ˌnoːtə,Substantiv,TRUE
,fnn,20-Fran·ken-No·te,t͡svant͡sɪçˈfʁaŋkn̩ˌnoːtə,Substantiv,TRUE
,fnn,50-Fran·ken-No·te,fʏnft͡sɪçˈfʁaŋkn̩ˌnoːtə,Substantiv,TRUE
,fnn,100-Fran·ken-No·te,hʊndɐtˈfʁaŋkn̩ˌnoːtə,Substantiv,TRUE
,fnn,200-Fran·ken-No·te,t͡svaɪ̯hʊndɐtˈfʁaŋkn̩ˌnoːtə,Substantiv,TRUE
,fnn,1000-Fran·ken-No·te,taʊ̯zn̩tˈfʁaŋkn̩ˌnoːtə,Substantiv,TRUE
,nnn,10-Pfen·nig-Stück,t͡seːnˈp͡fɛnɪçˌʃtʏk,Substantiv,TRUE
,mmn,2-Mark-Schein,t͡svaɪ̯ˈmaʁkˌʃaɪ̯n,Substantiv,TRUE
,mnf,8-Stun·den-Tag,axtˈʃtʊndn̩ˌtaːk,Substantiv,TRUE
Seiche,fnf,Seiche,sɛʃ,Substantiv,TRUE
Seiche,fnf,Sei·che,sɛʃ,Substantiv,TRUE
Seiche,fnf,Sei·che,ˈzaɪ̯çə,Substantiv,TRUE
Meursault,fnf,Meursault,,Substantiv,TRUE
Meursault,mnf,Meursault,,Substantiv,TRUE
Meursault,mnf,Meur·sault,,Substantiv,TRUE
,nnf,2-Bu·tin,ˌt͡svaɪ̯buˈtiːn,Substantiv,TRUE
Abteiltüre,fnf,Ab·teil·tü·re,apˈtaɪ̯lˌtyːʁə,Substantiv,TRUE
Abteiltüre,fnf,Ab·teil·tü·re,:{{IPA|AT {{Lautschrift|ˈaptaɪ̯lˌtyːʁə}},Substantiv,TRUE
,mnf,3-Uhr-Zug,dʁaɪ̯ˈʔuːɐ̯ˌt͡suːk,Substantiv,TRUE
,mnf,5-Uhr-Zug,fʏnfˈʔuːɐ̯ˌt͡suːk,Substantiv,TRUE
,mnf,6-Uhr-Zug,zɛksˈʔuːɐ̯ˌt͡suːk,Substantiv,TRUE
,mnf,7-Uhr-Zug,ziːbn̩ˈʔuːɐ̯ˌt͡suːk,Substantiv,TRUE
,mnf,8-Uhr-Zug,axtˈʔuːɐ̯ˌt͡suːk,Substantiv,TRUE
,mnf,10-Uhr-Zug,t͡seːnˈʔuːɐ̯ˌt͡suːk,Substantiv,TRUE
,fnf,3-Uhr-Vor·stel·lung,dʁaɪ̯ˈʔuːɐ̯foːɐ̯ˌʃtɛlʊŋ,Substantiv,TRUE
,fnf,5-Uhr-Vor·stel·lung,fʏnfˈʔuːɐ̯foːɐ̯ˌʃtɛlʊŋ,Substantiv,TRUE
,fnf,6-Uhr-Vor·stel·lung,zɛksˈʔuːɐ̯foːɐ̯ˌʃtɛlʊŋ,Substantiv,TRUE
,fnf,7-Uhr-Vor·stel·lung,ziːbn̩ˈʔuːɐ̯foːɐ̯ˌʃtɛlʊŋ,Substantiv,TRUE
,fnf,8-Uhr-Vor·stel·lung,axtˈʔuːɐ̯foːɐ̯ˌʃtɛlʊŋ,Substantiv,TRUE
,fnf,10-Uhr-Vor·stel·lung,t͡seːnˈʔuːɐ̯foːɐ̯ˌʃtɛlʊŋ,Substantiv,TRUE
Motorbus,mff,Mo·tor·bus,ˈmotoːɐ̯ˌbʊs,Substantiv,TRUE
Motorbus,mff,<model>wikitext</model>,<comment>Worttrennung; IPA</comment>,Substantiv,TRUE
,mmf,Schrö·din·gers Kat·ze,ˌʃʁøːdɪŋɐs ˈkat͡sə,Substantiv,TRUE
Hippocampus,mnf,Hip·po·cam·pus,hɪpoˈkampʊs,Substantiv,TRUE
,fmm,102-Jäh·ri·ge,hʊndɐtˈt͡svaɪ̯ˌjɛːʁɪɡə,Substantiv,TRUE
,mmm,102-Jäh·ri·ger,hʊndɐtˈt͡svaɪ̯ˌjɛːʁɪɡɐ,Substantiv,TRUE
Artilleriegeschoss,nmm,Ar·til·le·rie·ge·schoss,aʁtɪləˈʁiːɡəˌʃɔs,Substantiv,TRUE
Artilleriegeschoss,nmm,Ar·til·le·rie·ge·schoss,aʁtɪləˈʁiːɡəˌʃoːs,Substantiv,TRUE
Überspannung,fnm,Über·span·nung,ˈyːbɐˌʃpanʊŋ,Substantiv,TRUE
Überspannung,fnm,Über·span·nung,ˌyːbɐˈʃpanʊŋ,Substantiv,TRUE
Review,mfn,Re·view,riˈvjuː,Substantiv,TRUE
Review,ffn,Re·view,riˈvjuː,Substantiv,TRUE
Review,ffn,Re·view,,Substantiv,TRUE
C,nfn,C3,t͡seːˈdʁaɪ̯,Substantiv,TRUE
C,nfn,C2,t͡seːˈt͡svaɪ̯,Substantiv,TRUE
C,nfn,C1,t͡seːˈaɪ̯ns,Substantiv,TRUE
C,nfn,C0,t͡seːˈnʊl,Substantiv,TRUE
,mfn,Ho·mo lo·quax,ˈhoːmo ˈlokvaːks,Substantiv,TRUE
Kanun,mfn,Ka·nun,kaˈnuːn,Substantiv,TRUE
Kanun,mfn,Ka·nun,ˈkaːnʊn,Substantiv,TRUE
Bougainville,fmn,Bou·gain·vil·lea,,Substantiv,TRUE
Bougainville,fmn,Bou·gain·vil·lie,buɡɛˈvɪli̯ə,Substantiv,TRUE
Baba,fmn,Ba·ba,ˈbaːba,Substantiv,TRUE
Baba,mmn,Ba·ba,ˈbaːba,Substantiv,TRUE
Baba,mmn,Ba·ba,baˈbaː,Substantiv,TRUE
Baba,fmn,Ba·ba,baˈbaː,Substantiv,TRUE
Baba,fmn,Ba·ba,,Substantiv,TRUE
Helles,nfn,Hel·les,ˈhɛləs,Substantiv,TRUE
Helles,nfn,In meiner Schulausgabe der 38. Auflage kann in beiden Fällen vor dem l abgeteilt (österr. für getrennt) werden,::::Auch 43. Aufl. ist wie Peter schon geschrieben hat: Sin|g|le (IPA übrigens [ˈsɪŋɡl] !?),Substantiv,TRUE
Helles,nfn,@[[Benutzer:Master of Contributions|MoC]] „Von meiner Seite aus wäre es mit einer Anmerkung und der Angabe der in Wahrig angegebenen Worttrennung getan.“ – Mit Ersterem bin ich einverstanden,::::Auch 43. Aufl. ist wie Peter schon geschrieben hat: Sin|g|le (IPA übrigens [ˈsɪŋɡl] !?),Substantiv,TRUE
Helles,nfn,Wäre es auch in deinem Sinne,::::Auch 43. Aufl. ist wie Peter schon geschrieben hat: Sin|g|le (IPA übrigens [ˈsɪŋɡl] !?),Substantiv,TRUE
Helles,nfn,:Hallo [[Benutzer:IvanP|IvanP]],::::Auch 43. Aufl. ist wie Peter schon geschrieben hat: Sin|g|le (IPA übrigens [ˈsɪŋɡl] !?),Substantiv,TRUE
Helles,nfn,##Erst dann,::::Auch 43. Aufl. ist wie Peter schon geschrieben hat: Sin|g|le (IPA übrigens [ˈsɪŋɡl] !?),Substantiv,TRUE
Helles,nfn,### --[[Benutzer:Betterknower|Betterknower]] &lt;small&gt;([[User talk:Betterknower|Diskussion]])&lt;/small&gt; 23:07,::::Auch 43. Aufl. ist wie Peter schon geschrieben hat: Sin|g|le (IPA übrigens [ˈsɪŋɡl] !?),Substantiv,TRUE
HTML,nff,HTML5,,Substantiv,TRUE
K,fnf,K.-o.-Nie·der·la·ge,…,Substantiv,TRUE
K,nnf,K.-o.-Sys·tem,kaːˈʔoːzʏsˌteːm,Substantiv,TRUE
Geschosshöhe,fnf,Ge·schoss·hö·he,ɡəˈʃɔsˌhøːə,Substantiv,TRUE
Geschosshöhe,fnf,Ge·schoss·hö·he,ɡəˈʃoːsˌhøːə,Substantiv,TRUE
Ting,nff,Ting,tɪŋ,Substantiv,TRUE
Ting,nff,<model>wikitext</model>,<comment>Korrektur Worttrennung; IPA</comment>,Substantiv,TRUE
Umschreibung,fff,Um·schrei·bung,ʊmˈʃʁaɪ̯bʊŋ,Substantiv,TRUE
Umschreibung,fff,Um·schrei·bung,ˈʊmˌʃʁaɪ̯bʊŋ,Substantiv,TRUE
Stepper,mff,Step·per,ˈstɛpɐ,Substantiv,TRUE
Stepper,mff,Step·per,ˈʃtɛpɐ,Substantiv,TRUE
Hyperaktivität,fmf,Hy·per·ak·ti·vi·tät,ˌhypɐʔaktiviˈtɛːt,Substantiv,TRUE
Hyperaktivität,fmf,<model>wikitext</model>,<comment>Worttrennung; IPA</comment>,Substantiv,TRUE
Oxford,fmf,Ox·ford,ˈɒksfəd,Substantiv,TRUE
Oxford,nmf,Ox·ford,ˈɒksfəd,Substantiv,TRUE
Oxford,nmf,Ox·ford,,Substantiv,TRUE
Pick,mnf,Pick,pɪk,Substantiv,TRUE
Pick,mnf,Pick,,Substantiv,TRUE
Bema,nnn,Be·ma,ˈbeːma,Substantiv,TRUE
Bema,nnn,Be·ma,,Substantiv,TRUE
,nnn,1,,Substantiv,TRUE
Tetramethylenglykol,nnn,Te·t·ra·me·thy·len·gly·kol,,Substantiv,TRUE
Spassbremse,mnn,Spass·brem·se,ˈʃpaːsˌbʁɛmzə,Substantiv,TRUE
Spassbremse,mnn,Spass·brem·se,ˈʃpasˌbʁɛmzə,Substantiv,TRUE
,fmn,0,nʊlkɔmadʁaɪ̯dʁaɪ̯ˈliːtɐˌflaʃə,Substantiv,TRUE
,nnn,24-Stun·den-Ren·nen,fiːɐ̯ʔʊntt͡svant͡sɪçˈʃtʊndn̩ˌʁɛnən,Substantiv,TRUE
Beige,nfn,Beige,beːʃ,Substantiv,TRUE
Beige,ffn,Beige,beːʃ,Substantiv,TRUE
Beige,ffn,Bei·ge,beːʃ,Substantiv,TRUE
Beige,ffn,Bei·ge,ˈbaɪ̯ɡə,Substantiv,TRUE
Stellenwert,mmn,Stel·len·wert,ˈʃtɛlənˌveːɐ̯t,Substantiv,TRUE
Stellenwert,mmn,Stel·len·wert,ˈʃtɛlnˌveːɐ̯t,Substantiv,TRUE
,ffn,0,nʊlkɔmafʏnfˈliːtɐˌflaʃə,Substantiv,TRUE
,ffn,0,nʊlkɔmat͡svaɪ̯ˈliːtɐˌflaʃə,Substantiv,TRUE
,ffn,0,nʊlkɔmaziːbn̩ˈliːtɐˌflaʃə,Substantiv,TRUE
,ffn,0,nʊlkɔmaziːbn̩fʏnfˈliːtɐˌflaʃə,Substantiv,TRUE
,nmn,Ber·li·ner Fens·ter,bɛʁˌliːnɐ ˈfɛnstɐ,Substantiv,TRUE
Geschoßhöhe,fnn,Ge·schoß·hö·he,ɡəˈʃoːsˌhøːə,Substantiv,TRUE
Geschoßhöhe,fnn,Ge·schoß·hö·he,ɡəˈʃɔsˌhøːə,Substantiv,TRUE
,mnn,90-Mi·nü·ter,ˈnɔɪ̯nt͡sɪçmiˌnyːtɐ,Substantiv,TRUE
Werbeheini,mnn,Wer·be·hei·ni,ˈvɛʁbəˌhaɪ̯ni,Substantiv,TRUE
Werbeheini,mnn,Pro·vinz·hei·ni,pʁoˈvɪnt͡sˌhaɪ̯ni,Substantiv,TRUE
Jonglage,ffn,Jon·g·la·ge,ʒɔŋˈɡlaːʒə,Substantiv,TRUE
Jonglage,ffn,<model>wikitext</model>,<comment>Worttrennung; IPA</comment>,Substantiv,TRUE
Franchise,nmn,Fran·chise,ˈfʁɛnʃaɪ̯s,Substantiv,TRUE
Franchise,fmn,Fran·chise,ˈfʁɛnʃaɪ̯s,Substantiv,TRUE
Franchise,fmn,Fran·chi·se,ˈfʁɛnʃaɪ̯s,Substantiv,TRUE
Franchise,fmn,Fran·chi·se,fʁɑ̃ˈʃiːzə,Substantiv,TRUE
Landesverteidigung,fmf,Luft·ver·tei·di·gung,ˈlʊftfɛɐ̯ˌtaɪ̯dɪɡʊŋ,Substantiv,TRUE
Kasachisch,mmf,Kasch·ga·isch,…,Substantiv,TRUE
Glacé,mnf,Gla·cé,ɡlaˈseː,Substantiv,TRUE
Glacé,nnf,Gla·cé,ɡlaˈseː,Substantiv,TRUE
Glacé,nnf,Gla·cé,,Substantiv,TRUE
,nnf,1,,Substantiv,TRUE
Tetramethylenglykol,nnf,Bu·tan-1,,Substantiv,TRUE
Hippocampus,mnf,Hip·po·kam·pus,hɪpoˈkampʊs,Substantiv,TRUE
Dunkelfeld,nnf,Dun·kel·feld,ˈdʊŋkl̩ˌfɛlt,Substantiv,TRUE
Dunkelfeld,nnf,<model>wikitext</model>,<comment>Worttrennung; IPA</comment>,Substantiv,TRUE
Khoisan,0ff,{{kSg.}},,Substantiv,TRUE
Khoisan,nff,{{kSg.}},,Substantiv,TRUE
Khoisan,nff,Khoi·san,,Substantiv,TRUE
Pica,fmf,Pi·ca,ˈpiːka,Substantiv,TRUE
Pica,fmf,Pica,ˈpiːka,Substantiv,TRUE
Missale,nmf,Mis·sa·le,mɪˈsaːlə,Substantiv,TRUE
Missale,nmf,Mis·sal,mɪˈsaːl,Substantiv,TRUE
Missale,fmf,Mis·sal,mɪˈsaːl,Substantiv,TRUE
Kinderbekleidung,fmf,Kin·der·be·klei·dung,ˈkɪndɐbəˌklaɪ̯dʊŋ,Substantiv,TRUE
Kinderbekleidung,fmf,Kin·der·klei·dung,ˈkɪndɐˌklaɪ̯dʊŋ,Substantiv,TRUE
,mmf,8-Ton·ner,ˈaxtˌtɔnɐ,Substantiv,TRUE
