Lexem,keep,Genus,Worttrennung,IPA,Wortart,Nomen
Aa,n,f,Aa,aː,Substantiv,TRUE
Aa,n,n,Aa,aː,Substantiv,TRUE
Aa,n,n,Aa,aˈʔa,Substantiv,TRUE
Abessinien,n,f,Abes·si·ni·en,abɛˈsiːni̯ən,Substantiv,TRUE
Abessinien,n,n,Abes·si·ni·en,abɛˈsiːni̯ən,Substantiv,TRUE
Abessinien,n,n,Abes·si·ni·en,,Substantiv,TRUE
Abteiltüre,y,f,Ab·teil·tü·re,apˈtaɪ̯lˌtyːʁə,Substantiv,TRUE
Abteiltüre,n,f,Ab·teil·tü·re,:{{IPA|AT {{Lautschrift|ˈaptaɪ̯lˌtyːʁə}},Substantiv,TRUE
Affenzahn,y,m,Af·fen·zahn,ˈafn̩ˌt͡saːn,Substantiv,TRUE
Affenzahn,n,m,Af·fen·zahn,:{{IPA  {{Lautschrift|ˌafn̩ˈt͡saːn}},Substantiv,TRUE
Agar,n,f,Agar,aɡaʁ,Substantiv,TRUE
Agar,y,mn,Agar,aɡaʁ,Substantiv,TRUE
Agar,n,n,Agar,,Substantiv,TRUE
Altai,y,m,Al·tai,alˈtaɪ̯,Substantiv,TRUE
Altai,n,m,Al·tai,,Substantiv,TRUE
Alter,n,m,Al·ter,:{{IPA ein {{Lautschrift|ˈaltɐ}},Substantiv,TRUE
Alter,n,n,Al·ter,:{{IPA ein {{Lautschrift|ˈaltɐ}},Substantiv,TRUE
Alter,n,n,Al·ter,ˈaltɐ,Substantiv,TRUE
Alternative,y,f,Al·ter·na·ti·ve,ˌaltɛʁnaˈtiːvə,Substantiv,TRUE
Alternative,n,f,Al·ter·na·tive,ˌaltɛʁnaˈtiːvə,Substantiv,TRUE
Alternative,n,f,Al·ter·na·tive,,Substantiv,TRUE
Ammon,n,m,Am·mon,,Substantiv,TRUE
Ammon,n,n,Am·mon,,Substantiv,TRUE
Ammon,y,n,Am·mon,aˈmoːn,Substantiv,TRUE
Antezedenzien,y,f,An·te·ze·den·zi·en,antet͡seˈdɛnt͡si̯ən,Substantiv,TRUE
Antezedenzien,n,0,An·te·ze·den·zi·en,antet͡seˈdɛnt͡si̯ən,Substantiv,TRUE
Antezedenzien,n,0,{{kSg.}},antet͡seˈdɛnt͡si̯ən,Substantiv,TRUE
Anthrax,n,m,An·th·rax,ˈantʁaks,Substantiv,TRUE
Anthrax,y,nm,An·th·rax,ˈantʁaks,Substantiv,TRUE
Anthrax,n,n,An·th·rax,:{{IPA{{Lautschrift|ˈantʁaks}},Substantiv,TRUE
Arnis,n,f,Ar·nis,,Substantiv,TRUE
Arnis,n,n,Ar·nis,,Substantiv,TRUE
Arnis,n,n,Arnis,,Substantiv,TRUE
Artilleriegeschoss,y,n,Ar·til·le·rie·ge·schoss,aʁtɪləˈʁiːɡəˌʃɔs,Substantiv,TRUE
Artilleriegeschoss,n,n,Ar·til·le·rie·ge·schoss,aʁtɪləˈʁiːɡəˌʃoːs,Substantiv,TRUE
Assi,y,m,As·si,ˈazi,Substantiv,TRUE
Assi,n,m,As·si,ˈasi,Substantiv,TRUE
Attitude,y,f,At·ti·tude,atiˈtyːd,Substantiv,TRUE
Attitude,n,f,At·ti·tu·de,atiˈtyːd,Substantiv,TRUE
Attitude,n,f,At·ti·tu·de,,Substantiv,TRUE
Augustus,n,m,Au·gus·tus,aʊ̯ˈɡʊstʊs,Substantiv,TRUE
Augustus,n,m,Au·gu·stus,aʊ̯ˈɡʊstʊs,Substantiv,TRUE
Baba,n,f,Ba·ba,ˈbaːba,Substantiv,TRUE
Baba,y,m,Ba·ba,ˈbaːba,Substantiv,TRUE
Baba,n,m,Ba·ba,baˈbaː,Substantiv,TRUE
Baba,n,f,Ba·ba,baˈbaː,Substantiv,TRUE
Baba,n,f,Ba·ba,,Substantiv,TRUE
Bacile,n,n,Ba·ci·le,baˈt͡ʃiːlə,Substantiv,TRUE
Bacile,n,m,Ba·ci·le,baˈt͡ʃiːlə,Substantiv,TRUE
Bacile,n,m,Ba·ci·le,,Substantiv,TRUE
Back,y,f,Back,bak,Substantiv,TRUE
Back,n,m,Back,bak,Substantiv,TRUE
Back,n,m,Back,bɛk,Substantiv,TRUE
Bahai,y,m,Ba·hai,baˈhaɪ̯,Substantiv,TRUE
Bahai,n,f,Ba·hai,baˈhaɪ̯,Substantiv,TRUE
Bahai,n,f,Ba·hai,,Substantiv,TRUE
Ban,n,m,Ban,baːn,Substantiv,TRUE
Ban,n,n,Ban,baːn,Substantiv,TRUE
Ban,n,n,Ban,ban,Substantiv,TRUE
Band,y,n,Band,bant,Substantiv,TRUE
Band,n,m,Band,bant,Substantiv,TRUE
Band,n,f,Band,bant,Substantiv,TRUE
Band,n,f,Band,bɛnt,Substantiv,TRUE
Band,n,n,Band,bɛnt,Substantiv,TRUE
Barkasse,y,f,Bar·kas·se,baʁˈkasə,Substantiv,TRUE
Barkasse,n,f,Bar·kas·se,ˈbaːɐ̯ˌkasə,Substantiv,TRUE
Beige,y,n,Beige,beːʃ,Substantiv,TRUE
Beige,n,f,Beige,beːʃ,Substantiv,TRUE
Beige,n,f,Bei·ge,beːʃ,Substantiv,TRUE
Beige,n,f,Bei·ge,ˈbaɪ̯ɡə,Substantiv,TRUE
Bema,y,n,Be·ma,ˈbeːma,Substantiv,TRUE
Bema,n,n,Be·ma,,Substantiv,TRUE
Birk,n,f,Birk,bɪʁk,Substantiv,TRUE
Birk,n,n,Birk,bɪʁk,Substantiv,TRUE
Birk,y,n,Birk,ˈbɪʁk,Substantiv,TRUE
Bit,y,n,Bit,bɪt,Substantiv,TRUE
Bit,n,n,Bit,,Substantiv,TRUE
Boot,y,n,Boot,boːt,Substantiv,TRUE
Boot,n,m,Boot,boːt,Substantiv,TRUE
Boot,n,m,Boot,buːt,Substantiv,TRUE
Bougainville,n,f,Bou·gain·vil·lea,,Substantiv,TRUE
Bougainville,n,f,Bou·gain·vil·lie,buɡɛˈvɪli̯ə,Substantiv,TRUE
Boulevard,y,m,Bou·le·vard,buləˈvaːɐ̯,Substantiv,TRUE
Boulevard,n,m,<model>wikitext</model>,<comment>Worttrennung; IPA</comment>,Substantiv,TRUE
Braun,y,n,Braun,bʁaʊ̯n,Substantiv,TRUE
Braun,n,m,Braun,bʁaʊ̯n,Substantiv,TRUE
Braun,n,m,Braun,,Substantiv,TRUE
Bruch,y,m,Bruch,bʁʊx,Substantiv,TRUE
Bruch,n,n,Bruch,bʁʊx,Substantiv,TRUE
Bruch,n,n,Bruch,bʁuːx,Substantiv,TRUE
Bug,y,m,Bug,buːk,Substantiv,TRUE
Bug,n,m,Bug,baɡ,Substantiv,TRUE
Bulle,y,m,Bul·le,ˈbʊlə,Substantiv,TRUE
Bulle,n,f,Bul·le,ˈbʊlə,Substantiv,TRUE
Bulle,n,f,Bul·le {{Pl.}} Bul·len,ˈbʊlə,Substantiv,TRUE
Burger,y,m,Bur·ger,ˈbœːɐ̯ɡɐ,Substantiv,TRUE
Burger,n,m,Bur·ger,ˈbʊʁɡɐ,Substantiv,TRUE
Burka,y,f,Bur·ka,ˈbʊʁka,Substantiv,TRUE
Burka,n,f,Bur·ka,,Substantiv,TRUE
Burren,y,m,Bur·ren,ˈbʊʁən,Substantiv,TRUE
Burren,n,m,Bur·ren,ˈbʌɹən,Substantiv,TRUE
Bus,y,m,Bus,bʊs,Substantiv,TRUE
Bus,n,m,Bus,bœs&lt;ref name=&quot;Stielau14&quot;/&gt;,Substantiv,TRUE
Bus,n,m,Bus,,Substantiv,TRUE
Bus,n,m,Bus,buːs,Substantiv,TRUE
Butandisäure,n,f,Bu·tan·di·säu·re,,Substantiv,TRUE
Butandisäure,n,f,<model>wikitext</model>,<comment>Worttrennung; IPA</comment>,Substantiv,TRUE
C4,y,n,C4,t͡seːˈfiːɐ̯,Substantiv,TRUE
C3,y,n,C3,t͡seːˈdʁaɪ̯,Substantiv,TRUE
C2,y,n,C2,t͡seːˈt͡svaɪ̯,Substantiv,TRUE
C1,y,n,C1,t͡seːˈaɪ̯ns,Substantiv,TRUE
C0,y,n,C0,t͡seːˈnʊl,Substantiv,TRUE
Ceylon,y,m,Cey·lon,ˈt͡saɪ̯lɔn,Substantiv,TRUE
Ceylon,n,m,Cey·lon ({{Pl.}} Cey·lon-Sor·ten),ˈt͡saɪ̯lɔn,Substantiv,TRUE
Check,y,m,Check,t͡ʃɛk,Substantiv,TRUE
Check,n,m,Check,ʃɛk,Substantiv,TRUE
China,y,n,Chi·na,ˈçiːna,Substantiv,TRUE
China,n,f,Chi·na,ˈçiːna,Substantiv,TRUE
China,n,f,Chi·na,,Substantiv,TRUE
Circus,y,m,Cir·cus,ˈt͡sɪʁkʊs,Substantiv,TRUE
Circus,n,m,Cir·cus,,Substantiv,TRUE
cis-,n,f,cis-13-Do·co·sen·säu·re,,Substantiv,TRUE
cis-,n,f,cis-9-Oc·ta·de·cen·säu·re,,Substantiv,TRUE
Client,y,m,Cli·ent,ˈklaɪ̯ənt,Substantiv,TRUE
Client,n,f,Cli·ent/Ser·ver-An·wen·dung,klaɪəntˈsœːɐ̯vɐˌʔanvɛndʊŋ,Substantiv,TRUE
Cox,n,f,Cox’ Oran·ge,,Substantiv,TRUE
Cox,n,m,Cox,,Substantiv,TRUE
Cyclohexan,y,n,Cy·c·lo·he·xan,ˌt͡syklohɛˈksaːn,Substantiv,TRUE
Cyclohexan,n,n,<model>wikitext</model>,<comment>Worttrennung; IPA</comment>,Substantiv,TRUE
Daina,n,f,Dai·na,daɪ̯ˈna,Substantiv,TRUE
Daina,n,f,Dai·na,ˈdaɪ̯na,Substantiv,TRUE
Dan,n,m,Dan,,Substantiv,TRUE
Dan,y,m,Dan,daːn,Substantiv,TRUE
Delaware,n,m,De·la·ware,ˈdɛləˌvɛːɐ̯,Substantiv,TRUE
Delaware,n,m,De·la·wa·re,ˈdɛləˌvɛːɐ̯,Substantiv,TRUE
Delaware,n,m,De·la·wa·re,ˌdelaˈvaːʁə,Substantiv,TRUE
Dezil,n,n,De·zil,deˈt͡siːl,Substantiv,TRUE
Dezil,n,n,<model>wikitext</model>,<comment>Worttrennung nach deutscher Rechtschreibung; IPA; Kleinschreibung (englisch)</comment>,Substantiv,TRUE
Diner,n,n,Di·ner,diˈneː,Substantiv,TRUE
Diner,n,m,Di·ner,diˈneː,Substantiv,TRUE
Diner,y,m,Di·ner,ˈdaɪ̯nɐ,Substantiv,TRUE
Dreh,y,m,Dreh,dʁeː,Substantiv,TRUE
Dreh,n,m,Dreh,dr̺eː,Substantiv,TRUE
Drehe,n,f,Dre·he,ˈdʁeːə,Substantiv,TRUE
Drehe,n,f,Dre·he,ˈdr̺eːə,Substantiv,TRUE
Dunkelfeld,y,n,Dun·kel·feld,ˈdʊŋkl̩ˌfɛlt,Substantiv,TRUE
Dunkelfeld,n,n,<model>wikitext</model>,<comment>Worttrennung; IPA</comment>,Substantiv,TRUE
Dust,n,m,Dust,dʊst,Substantiv,TRUE
Dust,n,m,Dust,dast,Substantiv,TRUE
Editor,y,m,Edi·tor,ˈeːditoːɐ̯,Substantiv,TRUE
Editor,n,m,Edi·tor,ˈɛdɪtɐ,Substantiv,TRUE
Effekten,n,f,Ef·fek·ten,ɛˈfɛktn̩,Substantiv,TRUE
Effekten,n,0,Ef·fek·ten,ɛˈfɛktn̩,Substantiv,TRUE
Effekten,n,0,{{kSg.}},ɛˈfɛktn̩,Substantiv,TRUE
Eierstich,y,m,Ei·er·stich,ˈaɪ̯ɐˌʃtɪç,Substantiv,TRUE
Eierstich,n,m,<model>wikitext</model>,<comment>Worttrennung; IPA</comment>,Substantiv,TRUE
Eis,y,n,Eis,aɪ̯s,Substantiv,TRUE
Eis,n,n,Eis,ˈeːɪs,Substantiv,TRUE
Elementmolekül,y,n,Ele·ment·mo·le·kül,eleˈmɛntmoleˌkyːl,Substantiv,TRUE
Elementmolekül,n,n,<model>wikitext</model>,<comment>Korrektur Worttrennung; IPA</comment>,Substantiv,TRUE
Empfindung,y,f,Emp·fin·dung,ɛmˈp͡fɪndʊŋ,Substantiv,TRUE
Empfindung,n,f,# In der Standardlautung wird {{Lautschrift|bn̩,# [[Postalveolar]]e [[Frikativ]]e und [[Affrikate]]n werden in IPA mit {{Lautschrift|t͡ʃ,Substantiv,TRUE
Empire,y,n,Em·pi·re,ˈɛmpaɪ̯ɐ,Substantiv,TRUE
Empire,n,n,Em·pi·re,ɑ̃ˈpiːɐ̯,Substantiv,TRUE
Erbe,n,n,Er·be,ˈɛʁbə,Substantiv,TRUE
Erbe,y,mn,Er·be,ˈɛʁbə,Substantiv,TRUE
Erbe,n,m,Er·be,ˈɛʁbə,Substantiv,TRUE
Etagere,y,f,Eta·ge·re,etaˈʒeːʁə,Substantiv,TRUE
Etagere,n,f,Eta·ge·re,:{{IPA|AT {{Lautschrift|etaˈʒeːɐ̯}},Substantiv,TRUE
Eubakterie,y,f,Eu·bak·te·rie,ɔɪ̯bakˈteːʁiə,Substantiv,TRUE
Eubakterie,n,f,Eu·bak·te·rie,ɔɪ̯bakˈteːʁiə,Substantiv,TRUE
Eubakterie,n,f,Eu·bak·te·rie,ɔɪ̯bakteˈʁiː,Substantiv,TRUE
Fackel,y,f,Fa·ckel,ˈfakl̩,Substantiv,TRUE
Fackel,n,n,Fa·ckel,ˈfakl̩,Substantiv,TRUE
Fackel,n,n,Fa·ckel,,Substantiv,TRUE
Fackel,n,m,Fa·ckel,,Substantiv,TRUE
Fackel,n,m,Fa·ckel,:{{IPA,Substantiv,TRUE
Fasten,y,n,Fas·ten,ˈfastn̩,Substantiv,TRUE
Fasten,n,0,Fas·ten,ˈfastn̩,Substantiv,TRUE
Fasten,n,0,{{kSg.}},ˈfastn̩,Substantiv,TRUE
Fehl,y,m,Fehl,feːl,Substantiv,TRUE
Fehl,n,n,Fehl,feːl,Substantiv,TRUE
Fehl,n,f,Fehl,feːl,Substantiv,TRUE
Fehl,n,f,Fehl,,Substantiv,TRUE
Fes,y,m,Fes,feːs,Substantiv,TRUE
Fes,n,n,Fes,feːs,Substantiv,TRUE
Fes,n,n,Fes,fɛs,Substantiv,TRUE
Fez,y,m,Fez,feːs,Substantiv,TRUE
Fez,n,m,Fez,feːt͡s,Substantiv,TRUE
Flame,n,m,Fla·me,ˈflaːmə,Substantiv,TRUE
Flame,n,m,Flame,ˈflaːmə,Substantiv,TRUE
Flame,y,m,Flame,flɛɪ̯m,Substantiv,TRUE
Flosse,y,f,Flos·se,ˈflɔsə,Substantiv,TRUE
Flosse,n,f,<sha1>thbhplfxw9k0sp9zz47kmv6u1164bc9</sha1>,ˈflɔsə,Substantiv,TRUE
Fluor,y,n,Flu·or,ˈfluːoːɐ̯,Substantiv,TRUE
Fluor,n,m,Flu·or,ˈfluːoːɐ̯,Substantiv,TRUE
Fluor,n,m,Flu·or,ˈfluoɐ̯,Substantiv,TRUE
Fon,y,n,Fon,foːn,Substantiv,TRUE
Fon,n,n,Fon,,Substantiv,TRUE
Fon,n,{{Deutsch Name Übersichtn}},Fon,,Substantiv,TRUE
Fon,n,{{Deutsch Name Übersichtn}},Fon,fɔn,Substantiv,TRUE
Formel,y,f,For·mel,ˈfɔʁml̩,Substantiv,TRUE
Formel,n,f,For·mel 1,ˌfɔʁml̩ ˈaɪ̯ns,Substantiv,TRUE
Franchise,y,nf,Fran·chise,ˈfʁɛnʃaɪ̯s,Substantiv,TRUE
Franchise,n,f,Fran·chise,ˈfʁɛnʃaɪ̯s,Substantiv,TRUE
Franchise,n,f,Fran·chi·se,ˈfʁɛnʃaɪ̯s,Substantiv,TRUE
Franchise,n,f,Fran·chi·se,fʁɑ̃ˈʃiːzə,Substantiv,TRUE
Franzosen,n,f,Fran·zo·sen,ˌfʁanˈt͡soːzn̩,Substantiv,TRUE
Franzosen,n,0,Fran·zo·sen,ˌfʁanˈt͡soːzn̩,Substantiv,TRUE
Franzosen,n,0,{{kSg.}},ˌfʁanˈt͡soːzn̩,Substantiv,TRUE
Fulltime-Job,y,m,Full·time-Job,ˈfʊltaɪ̯mˌd͡ʒɔp,Substantiv,TRUE
Fulltime-Job,n,m,Full-Time-Job,ˈfʊltaɪ̯mˌd͡ʒɔp,Substantiv,TRUE
Fund,y,m,Fund,fʊnt,Substantiv,TRUE
Fund,n,m,Fund,,Substantiv,TRUE
Fund,n,n,Fund,,Substantiv,TRUE
Gaffer,y,m,Gaf·fer,ˈɡafɐ,Substantiv,TRUE
Gaffer,n,m,Gaf·fer,ˈɡafɐ,Substantiv,TRUE
Gaffer,n,m,Gaf·fer,,Substantiv,TRUE
Gage,y,f,Ga·ge,ˈɡaːʒə,Substantiv,TRUE
Gage,n,m,Ga·ge,ˈɡaːʒə,Substantiv,TRUE
Gage,n,m,Ga·ge,ɡɔ̃ːɡ,Substantiv,TRUE
Gamergate,n,f,Ga·m·er·ga·te,:{{IPA {{Lautschrift?|ɡamɛʁˈɡaːtə}},Substantiv,TRUE
Gamergate,n,n,Ga·m·er·ga·te,:{{IPA {{Lautschrift?|ɡamɛʁˈɡaːtə}},Substantiv,TRUE
Gamergate,n,n,Ga·mer·gate,:{{IPA {{Lautschrift?|ɡamɛʁˈɡaːtə}},Substantiv,TRUE
Gamergate,y,n,Ga·mer·gate,ˈɡɛɪ̯mɐˌɡɛɪ̯t,Substantiv,TRUE
Gang,y,mf,Gang,ɡaŋ|ɡɛŋ,Substantiv,TRUE
Gang,n,f,Gang,ɡaŋ,Substantiv,TRUE
Gang,n,f,Gang,,Substantiv,TRUE
Generation,y,f,Ge·ne·ra·ti·on,ɡeneʁaˈt͡si̯oːn,Substantiv,TRUE
Generation,n,f,Ge·ne·ra·ti·on @,ɡeneʁaˈt͡si̯oːn ˈɛt,Substantiv,TRUE
Geschoß,y,n,Ge·schoß,ɡəˈʃoːs,Substantiv,TRUE
Geschoß,n,n,Ge·schoß,ɡəˈʃɔs,Substantiv,TRUE
Geschoss,n,n,Ge·schoss,ɡəˈʃɔs,Substantiv,TRUE
Geschoss,n,n,Ge·schoss,ɡəˈʃoːs,Substantiv,TRUE
Geschosshöhe,y,f,Ge·schoss·hö·he,ɡəˈʃɔsˌhøːə,Substantiv,TRUE
Geschosshöhe,n,f,Ge·schoss·hö·he,ɡəˈʃoːsˌhøːə,Substantiv,TRUE
Geschoßhöhe,n,f,Ge·schoß·hö·he,ɡəˈʃoːsˌhøːə,Substantiv,TRUE
Geschoßhöhe,n,f,Ge·schoß·hö·he,ɡəˈʃɔsˌhøːə,Substantiv,TRUE
Ginkgo,y,m,Gink·go,ˈɡɪŋko,Substantiv,TRUE
Ginkgo,n,m,Gin·kgo,ˈɡɪŋko,Substantiv,TRUE
Glacé,y,m,Gla·cé,ɡlaˈseː,Substantiv,TRUE
Glacé,n,n,Gla·cé,ɡlaˈseː,Substantiv,TRUE
Glacé,n,n,Gla·cé,,Substantiv,TRUE
Glans,y,f,Glans,ɡlaːns,Substantiv,TRUE
Glans,n,f,Glans,ɡlans,Substantiv,TRUE
Gros,y,n,Gros,ɡʁɔs,Substantiv,TRUE
Gros,n,n,Gros,ɡʁoː,Substantiv,TRUE
Gros,n,m,Gros,ɡʁoː,Substantiv,TRUE
Gros,n,m,Gros,,Substantiv,TRUE
Hab,n,m,Hab,,Substantiv,TRUE
Hab,y,m,Hab,haːp,Substantiv,TRUE
Hack,y,n,Hack,hak,Substantiv,TRUE
Hack,n,m,Hack,hak,Substantiv,TRUE
Hack,n,m,Hack,hɛk,Substantiv,TRUE
Hacken,y,mn,Ha·cken,ˈhakn̩,Substantiv,TRUE
Hacken,n,n,Ha·cken,ˈhɛkn̩,Substantiv,TRUE
Hacken,n,m,Ha·cken,ˈhɛkn̩,Substantiv,TRUE
Hacken,n,m,Ha·cken,ˈhakn̩,Substantiv,TRUE
Hacken,n,f,Ha·cken,ˈhakn̩,Substantiv,TRUE
Hacken,n,f,Ha·cken,ˈhakn̩,Substantiv,TRUE
Hacker,y,m,Ha·cker,ˈhɛkɐ|ˈhakɐ,Substantiv,TRUE
Hacker,n,m,Ha·cker,ˈhakɐ,Substantiv,TRUE
Hag,n,m,Hag,,Substantiv,TRUE
Hag,y,m,Hag,haːk,Substantiv,TRUE
Hagen,y,m,Ha·gen,ˈhaːɡn̩,Substantiv,TRUE
Hagen,n,m,Ha·gen,:{{IPA {{Lautschrift?|…}},Substantiv,TRUE
Handball,y,m,Hand·ball,ˈhantˌbal,Substantiv,TRUE
Handball,n,m,Hand·ball,ˈhantbal,Substantiv,TRUE
Havanna,n,m,Ha·van·na,haˈvana,Substantiv,TRUE
Havanna,y,f,Ha·van·na,haˈvana,Substantiv,TRUE
Havanna,n,f,Ha·van·na,,Substantiv,TRUE
Heldentat,y,f,Hel·den·tat,ˈhɛldn̩ˌtaːt,Substantiv,TRUE
Heldentat,n,f,ᚹᚨᛗ·ᛒᛟ,ˈwɑm.bɔː,Substantiv,TRUE
Helles,y,n,Hel·les,ˈhɛləs,Substantiv,TRUE
Helles,n,n,In meiner Schulausgabe der 38. Auflage kann in beiden Fällen vor dem l abgeteilt (österr. für getrennt) werden,::::Auch 43. Aufl. ist wie Peter schon geschrieben hat: Sin|g|le (IPA übrigens [ˈsɪŋɡl] !?),Substantiv,TRUE
Helles,n,n,@[[Benutzer:Master of Contributions|MoC]] „Von meiner Seite aus wäre es mit einer Anmerkung und der Angabe der in Wahrig angegebenen Worttrennung getan.“ – Mit Ersterem bin ich einverstanden,::::Auch 43. Aufl. ist wie Peter schon geschrieben hat: Sin|g|le (IPA übrigens [ˈsɪŋɡl] !?),Substantiv,TRUE
Helles,n,n,Wäre es auch in deinem Sinne,::::Auch 43. Aufl. ist wie Peter schon geschrieben hat: Sin|g|le (IPA übrigens [ˈsɪŋɡl] !?),Substantiv,TRUE
Helles,n,n,:Hallo [[Benutzer:IvanP|IvanP]],::::Auch 43. Aufl. ist wie Peter schon geschrieben hat: Sin|g|le (IPA übrigens [ˈsɪŋɡl] !?),Substantiv,TRUE
Helles,n,n,##Erst dann,::::Auch 43. Aufl. ist wie Peter schon geschrieben hat: Sin|g|le (IPA übrigens [ˈsɪŋɡl] !?),Substantiv,TRUE
Helles,n,n,### --[[Benutzer:Betterknower|Betterknower]] &lt;small&gt;([[User talk:Betterknower|Diskussion]])&lt;/small&gt; 23:07,::::Auch 43. Aufl. ist wie Peter schon geschrieben hat: Sin|g|le (IPA übrigens [ˈsɪŋɡl] !?),Substantiv,TRUE
Heptagon,y,n,Hep·ta·gon,hɛptaˈɡoːn,Substantiv,TRUE
Heptagon,n,n,<model>wikitext</model>,<comment>Worttrennung; IPA</comment>,Substantiv,TRUE
Heroin,y,n,He·ro·in,heʁoˈiːn,Substantiv,TRUE
Heroin,n,f,He·ro·in,heʁoˈiːn,Substantiv,TRUE
Heroin,n,f,He·ro·in,heˈʁoːɪn,Substantiv,TRUE
Hippocampus,y,m,Hip·po·cam·pus,hɪpoˈkampʊs,Substantiv,TRUE
Hippocampus,n,m,Hip·po·kam·pus,hɪpoˈkampʊs,Substantiv,TRUE
Hochzeit,y,f,Hoch·zeit,ˈhɔxˌt͡saɪ̯t,Substantiv,TRUE
Hochzeit,n,f,Hoch·zeit,ˈhoːxˌt͡saɪ̯t,Substantiv,TRUE
HTML,n,f,HTML,ˈhaːˈteːˈɛmˈɛl,Substantiv,TRUE
HTML,n,f,HTML5,,Substantiv,TRUE
Hub,y,m,Hub,huːp,Substantiv,TRUE
Hub,n,m,Hub,hʌb,Substantiv,TRUE
Huk,n,f,Huk,hʊk,Substantiv,TRUE
Huk,n,m,Huk,hʊk,Substantiv,TRUE
Huk,n,m,Huk,,Substantiv,TRUE
Humor,y,m,Hu·mor,huˈmoːɐ̯,Substantiv,TRUE
Humor,n,m,Hu·mor,ˈhuːmoːɐ̯,Substantiv,TRUE
Hundert,y,f,Hun·dert,ˈhʊndɐt,Substantiv,TRUE
Hundert,n,n,Hun·dert,ˈhʊndɐt,Substantiv,TRUE
Hundert,n,0,Hun·dert,ˈhʊndɐt,Substantiv,TRUE
Hundert,n,0,{{kSg.}},ˈhʊndɐt,Substantiv,TRUE
Hundert,n,0,{{kSg.}},ˈhʊndɐtə,Substantiv,TRUE
Hyperaktivität,y,f,Hy·per·ak·ti·vi·tät,ˌhypɐʔaktiviˈtɛːt,Substantiv,TRUE
Hyperaktivität,n,f,<model>wikitext</model>,<comment>Worttrennung; IPA</comment>,Substantiv,TRUE
Item,y,n,Item,ˈaɪ̯təm,Substantiv,TRUE
Item,n,n,Item,ˈiːtɛm,Substantiv,TRUE
Jonglage,y,f,Jon·g·la·ge,ʒɔŋˈɡlaːʒə,Substantiv,TRUE
Jonglage,n,f,<model>wikitext</model>,<comment>Worttrennung; IPA</comment>,Substantiv,TRUE
Jota,n,f,Jo·ta,ˈxoːta,Substantiv,TRUE
Jota,n,n,Jo·ta,ˈxoːta,Substantiv,TRUE
Jota,y,n,Jo·ta,ˈjoːta,Substantiv,TRUE
Journal,y,n,Jour·nal,ʒʊʁˈnaːl,Substantiv,TRUE
Journal,n,n,Jour·nal,ˈd͡ʒəːnl̩,Substantiv,TRUE
Jura,y,m,Ju·ra,ˈjuːʁaː,Substantiv,TRUE
Jura,n,0,Ju·ra,ˈjuːʁaː,Substantiv,TRUE
Jura,n,0,{{kSg.}},ˈjuːʁaː,Substantiv,TRUE
Jura,n,0,{{kSg.}},ˈjuːʁaː,Substantiv,TRUE
Jus,y,f,Jus,ʒyː,Substantiv,TRUE
Jus,n,n,Jus,ʒyː,Substantiv,TRUE
Jus,n,n,Jus,juːs,Substantiv,TRUE
K,n,0,{{kSg.}},kaːˈʔoːˌtʁɔp͡fn̩,Substantiv,TRUE
K.u.k.-Monarchie,y,f,K.-u.-k.-Mo·n·ar·chie,,Substantiv,TRUE
K.-o.-Sieg,y,m,K.-o.-Sieg,kaːˈʔoːˌziːk,Substantiv,TRUE
K.-o.-Niederlage,y,f,K.-o.-Nie·der·la·ge,…,Substantiv,TRUE
K.-o.-System,y,n,K.-o.-Sys·tem,kaːˈʔoːzʏsˌteːm,Substantiv,TRUE
Kaff,y,n,Kaff,kaf,Substantiv,TRUE
Kaff,y,n,Kaff,ˈkaf,Substantiv,TRUE
Kaffee,y,m,Kaf·fee,kaˈfeː,Substantiv,TRUE
Kaffee,n,n,Kaf·fee,ˈkafe,Substantiv,TRUE
Kaffee,n,n,Kaf·fee,kaˈfeː,Substantiv,TRUE
Kameruner,y,m,Ka·me·ru·ner,ˈkaməʁuːnɐ,Substantiv,TRUE
Kameruner,n,f,Ka·me·ru·ner,ˈkaməʁuːnɐ,Substantiv,TRUE
Kameruner,n,f,Ka·me·ru·ner,,Substantiv,TRUE
Kanun,y,m,Ka·nun,kaˈnuːn,Substantiv,TRUE
Kanun,n,m,Ka·nun,ˈkaːnʊn,Substantiv,TRUE
Kapitular,y,n,Ka·pi·tu·lar,ˌkapituˈlaːɐ̯,Substantiv,TRUE
Kapitular,n,m,Ka·pi·tu·lar,ˌkapituˈlaːɐ̯,Substantiv,TRUE
Kapitular,n,m,Ka·pi·tu·lar,kapituˈlaːɐ̯,Substantiv,TRUE
Kapo,y,m,Ka·po,ˈkapo,Substantiv,TRUE
Kapo,n,f,Ka·po,ˈkapo,Substantiv,TRUE
Kapo,n,f,Ka·po,,Substantiv,TRUE
Kasachisch,y,n,Ka·sa·chisch,kaˈzaxɪʃ,Substantiv,TRUE
Kasachisch,n,m,Kasch·ga·isch,…,Substantiv,TRUE
Kat,y,m,Kat,kat,Substantiv,TRUE
Kat,n,n,Kat,kat,Substantiv,TRUE
Kat,n,n,Kat,,Substantiv,TRUE
Ken,y,n,Ken,,Substantiv,TRUE
Ken,n,n,Ken,kɛn,Substantiv,TRUE
Kerle,n,0,Ker·le,ˈkɛʁlə,Substantiv,TRUE
Kerle,y,m,Ker·le,ˈkɛʁlə,Substantiv,TRUE
Kerle,n,m,Ker·le,,Substantiv,TRUE
Khoisan,n,0,{{kSg.}},,Substantiv,TRUE
Khoisan,n,n,{{kSg.}},,Substantiv,TRUE
Khoisan,n,n,Khoi·san,,Substantiv,TRUE
Kinderbekleidung,y,f,Kin·der·be·klei·dung,ˈkɪndɐbəˌklaɪ̯dʊŋ,Substantiv,TRUE
Kinderbekleidung,n,f,Kin·der·klei·dung,ˈkɪndɐˌklaɪ̯dʊŋ,Substantiv,TRUE
Kölsch,n,n,Kölsch,kœːɫʃ (Kölsche Aussprache),Substantiv,TRUE
Kölsch,n,m,Kölsch,kœːɫʃ (Kölsche Aussprache),Substantiv,TRUE
Kölsch,y,n,Kölsch,kœlʃ,Substantiv,TRUE
Krater,y,m,Kra·ter,ˈkʁaːtɐ,Substantiv,TRUE
Krater,n,m,Kra·ter,kʁaˈteːɐ̯,Substantiv,TRUE
Krätze,y,f,Krät·ze,ˈkʁɛt͡sə,Substantiv,TRUE
Krätze,n,f,Krät·ze,ˈkʁɛːt͡sə,Substantiv,TRUE
Kredit,y,m,Kre·dit,kʁeˈdiːt,Substantiv,TRUE
Kredit,n,n,Kre·dit,kʁeˈdiːt,Substantiv,TRUE
Kredit,n,n,Kre·dit,ˈkʁeːdɪt,Substantiv,TRUE
Küchlein,n,n,Küch·lein,:[1,Substantiv,TRUE
Küchlein,n,n,Küch·lein,ˈkʏçlaɪ̯n,Substantiv,TRUE
Kuskus,y,m,Kus·kus,ˈkʊskʊs,Substantiv,TRUE
Kuskus,n,m,Kus·kus {{Sg.2}} Kus·kus,ˈkʊskʊs,Substantiv,TRUE
Kuskus,n,m,Kus·kus {{Sg.2}} Kus·kus,ˈkʊskʊs,Substantiv,TRUE
L1-Erwerb,y,m,L1-Er·werb,ɛlˈʔaɪ̯nsʔɛɐ̯ˌvɛʁp,Substantiv,TRUE
L2-Erwerb,y,m,L2-Er·werb,ɛlˈt͡svaɪ̯ʔɛɐ̯ˌvɛʁp,Substantiv,TRUE
Lache,y,f,La·che,ˈlaːxə|ˈlaxə,Substantiv,TRUE
Lache,n,f,La·che,,Substantiv,TRUE
Laden,y,m,La·den; {{Pl.1}} Lä·den,ˈlaːdn̩,Substantiv,TRUE
Laden,n,n,La·den; {{Pl.1}} Lä·den,ˈlaːdn̩,Substantiv,TRUE
Laden,n,n,La·den,ˈlaːdn̩,Substantiv,TRUE
Ladino,n,m,La·di·no,laˈdiːno,Substantiv,TRUE
Ladino,n,{{Deutsch Name Übersichtn}},La·di·no,laˈdiːno,Substantiv,TRUE
Ladino,n,{{Deutsch Name Übersichtn}},La·di·no,ˌlaˈdiːno,Substantiv,TRUE
Landesverteidigung,y,f,Lan·des·ver·tei·di·gung,ˈlandəsfɛɐ̯ˌtaɪ̯dɪɡʊŋ,Substantiv,TRUE
Landesverteidigung,n,f,Luft·ver·tei·di·gung,ˈlʊftfɛɐ̯ˌtaɪ̯dɪɡʊŋ,Substantiv,TRUE
Lee,y,f,Lee,leː,Substantiv,TRUE
Lee,n,m,Lee,leː,Substantiv,TRUE
Lee,n,m,Lee,,Substantiv,TRUE
Leu,y,m,Leu,lɔɪ̯,Substantiv,TRUE
Leu,n,m,Leu,leu̯,Substantiv,TRUE
Liquid,y,m,Li·quid,liˈkviːt,Substantiv,TRUE
Liquid,n,n,Li·quid,liˈkviːt,Substantiv,TRUE
Liquid,n,n,Li·quid,,Substantiv,TRUE
Lob,y,n,Lob,loːp,Substantiv,TRUE
Lob,n,m,Lob,loːp,Substantiv,TRUE
Lob,n,m,Lob,lɔp,Substantiv,TRUE
Loser,y,m,Lo·ser,ˈluːzɐ,Substantiv,TRUE
Loser,n,m,Lo·ser,ˈloːzɐ,Substantiv,TRUE
Lot,y,n,Lot,loːt,Substantiv,TRUE
Lot,n,n,Lot,lɔt,Substantiv,TRUE
Lulu,y,m,Lu·lu,ˈluːlu,Substantiv,TRUE
Lulu,n,m,Lu·lu,,Substantiv,TRUE
Lurch,y,m,Lurch,lʊʁç,Substantiv,TRUE
Lurch,n,m,Lurch,luɐ̯x,Substantiv,TRUE
Lyoner,n,m,Ly·o·ner,ˈli̯oːnɐ,Substantiv,TRUE
Lyoner,n,m,Ly·o·ner,ˈli̯oːnɐ,Substantiv,TRUE
Lyoner,y,fm,Ly·o·ner,ˈli̯oːnɐ,Substantiv,TRUE
Mal,n,n,Mal,,Substantiv,TRUE
Mal,y,n,Mal,maːl,Substantiv,TRUE
Málaga,n,n,Má·la·ga,ˈmalaɡa,Substantiv,TRUE
Málaga,n,n,Má·la·ga,,Substantiv,TRUE
Malus,y,m,Ma·lus,ˈmaːlʊs,Substantiv,TRUE
Malus,n,m,Ma·lus,,Substantiv,TRUE
Mammutbaum,y,m,Mam·mut·baum,ˈmamʊtˌbaʊ̯m,Substantiv,TRUE
Mammutbaum,n,m,<model>wikitext</model>,<comment>Worttrennung; IPA</comment>,Substantiv,TRUE
Mangaka,y,m,Man·ga·ka,,Substantiv,TRUE
Mangaka,n,f,Man·ga·ka,,Substantiv,TRUE
Mangaka,n,f,Man·ga·ka; {{Pl.}} Man·ga·ka,,Substantiv,TRUE
Manual,n,n,Ma·nu·al,manuˈaːl,Substantiv,TRUE
Manual,y,n,Ma·nu·al,ˈmɛnju̯əl,Substantiv,TRUE
Manx,y,n,Manx,maŋks,Substantiv,TRUE
Manx,n,f,Manx,maŋks,Substantiv,TRUE
Manx,n,m,Manx,maŋks,Substantiv,TRUE
Manx,n,0,Manx,maŋks,Substantiv,TRUE
Manx,n,0,{{kSg.}},maŋks,Substantiv,TRUE
Māori,y,m,Ma·o·ri,maˈoːʁi,Substantiv,TRUE
Māori,n,{{Deutsch Name Übersichtn}},Ma·o·ri,maˈoːʁi,Substantiv,TRUE
Māori,n,{{Deutsch Name Übersichtn}},Ma·o·ri,,Substantiv,TRUE
Mascara,y,m,Mas·ca·ra,masˈkaːʁa,Substantiv,TRUE
Mascara,n,m,Mas·ca·ra {{Pl.}} Mas·ca·ras,masˈkaːʁa,Substantiv,TRUE
Maser,y,m,Ma·ser,ˈmɛɪ̯zɐ,Substantiv,TRUE
Maser,n,f,Ma·ser,ˈmɛɪ̯zɐ,Substantiv,TRUE
Maser,n,f,Ma·ser,ˈmaːzɐ,Substantiv,TRUE
Massenpunkt,y,m,Mas·sen·punkt,ˈmasn̩ˌpʊŋkt,Substantiv,TRUE
Massenpunkt,n,m,<model>wikitext</model>,<comment>Korrektur Worttrennung; IPA</comment>,Substantiv,TRUE
Meursault,n,f,Meursault,,Substantiv,TRUE
Meursault,n,m,Meursault,,Substantiv,TRUE
Meursault,n,m,Meur·sault,,Substantiv,TRUE
Mignon,n,f,Mi·g·non,mɪnˈjɔ̃,Substantiv,TRUE
Mignon,y,mf,Mi·g·non,mɪnˈjɔ̃,Substantiv,TRUE
Mignon,n,m,Mig·non,mɪnˈjɔ̃,Substantiv,TRUE
Mignon,n,m,Mig·non,mɪnˈjɔ̃ː,Substantiv,TRUE
Missale,n,n,Mis·sa·le,mɪˈsaːlə,Substantiv,TRUE
Missale,y,n,Mis·sal,mɪˈsaːl,Substantiv,TRUE
Missale,n,f,Mis·sal,mɪˈsaːl,Substantiv,TRUE
Mode,y,f,Mo·de,ˈmoːdə,Substantiv,TRUE
Mode,n,m,Mo·de,ˈmoːdə,Substantiv,TRUE
Mode,n,m,Mode,ˈmoːdə,Substantiv,TRUE
Mode,n,m,Mode,moːt,Substantiv,TRUE
Model,n,n,Mo·del,ˈmɔdl̩,Substantiv,TRUE
Model,n,m,Mo·del,ˈmɔdl̩,Substantiv,TRUE
Model,n,m,Mo·del,ˈmoːdl̩,Substantiv,TRUE
Modul,y,n,Mo·dul,moˈduːl,Substantiv,TRUE
Modul,n,m,Mo·dul,moˈduːl,Substantiv,TRUE
Modul,n,m,Mo·dul,ˈmoːdʊl,Substantiv,TRUE
Monopol,y,n,Mo·no·pol,monoˈpoːl,Substantiv,TRUE
Monopol,n,m,Mo·no·pol,monoˈpoːl,Substantiv,TRUE
Monopol,n,m,Mo·no·pol,ˈmonopoːl,Substantiv,TRUE
Motorbus,y,m,Mo·tor·bus,ˈmotoːɐ̯ˌbʊs,Substantiv,TRUE
Motorbus,n,m,<model>wikitext</model>,<comment>Worttrennung; IPA</comment>,Substantiv,TRUE
MP3-Player,y,m,MP3-Play·er,ɛmpeːˈdʁaɪ̯ˌplɛɪ̯ɐ,Substantiv,TRUE
MP3-Player,n,m,MP3,,Substantiv,TRUE
MP3,n,f,MP3,ɛmpeːˈdʁaɪ̯,Substantiv,TRUE
Mund,y,m,Mund,mʊnt,Substantiv,TRUE
Mund,n,f,Mund,mʊnt,Substantiv,TRUE
Mund,n,f,Mund,,Substantiv,TRUE
Mus,y,m,Mus,muːs,Substantiv,TRUE
Mus,n,m,Mus,,Substantiv,TRUE
Musikkapelle,n,f,Mu·sik·ka·pel·le,muˈziːkkapɛlə,Substantiv,TRUE
Musikkapelle,n,f,Mu·sik·ka·pel·le,:{{IPA ''[[österreichisch]]:'' {{Lautschrift|muˈzɪkkapɛlə}},Substantiv,TRUE
Mut,y,m,Mut,muːt,Substantiv,TRUE
Mut,n,f,Mut'a-Ehe,,Substantiv,TRUE
Navajo,n,{{Deutsch Name Übersichtn}},Na·va·jo,,Substantiv,TRUE
Navajo,n,m,Na·va·jo,,Substantiv,TRUE
Navajo,y,m,Na·va·jo,ˈnɛvəhoʊ,Substantiv,TRUE
Negus,n,m,Ne·gus,ˈneːɡʊs,Substantiv,TRUE
Negus,n,m,Ne·gus,ˈniːɡəs,Substantiv,TRUE
Nutria,n,f,Nu·t·ria,ˈnuːtʁɪa,Substantiv,TRUE
Nutria,y,mf,Nu·t·ria,ˈnuːtʁɪa,Substantiv,TRUE
Nutria,n,m,Nu·tria,ˈnuːtʁɪa,Substantiv,TRUE
Objektiv,y,n,Ob·jek·tiv,ˌɔpjɛkˈtiːf,Substantiv,TRUE
Objektiv,n,m,Ob·jek·tiv,ˌɔpjɛkˈtiːf,Substantiv,TRUE
Objektiv,n,m,Ob·jek·tiv,ˈɔpjɛkˌtiːf,Substantiv,TRUE
Oka,n,f,Oka,aˈka,Substantiv,TRUE
Oka,y,f,Oka,ˈoːka,Substantiv,TRUE
Os,y,n,Os,oːs,Substantiv,TRUE
Os,n,n,Os,ɔs,Substantiv,TRUE
Oxford,n,f,Ox·ford,ˈɒksfəd,Substantiv,TRUE
Oxford,y,n,Ox·ford,ˈɒksfəd,Substantiv,TRUE
Oxford,n,n,Ox·ford,,Substantiv,TRUE
Papa,y,m,Pa·pa,ˈpapa,Substantiv,TRUE
Papa,n,m,Pa·pa,ˈpaːpa,Substantiv,TRUE
Parole,y,f,Pa·ro·le,paˈʁoːlə,Substantiv,TRUE
Parole,n,f,Pa·role,paˈʁoːlə,Substantiv,TRUE
Parole,n,f,Pa·role,paˈʁɔl,Substantiv,TRUE
Pascal,n,n,Pas·cal; {{Pl.}} Pas·cals,pasˈkal,Substantiv,TRUE
Pascal,n,n,Pas·cal,pasˈkal,Substantiv,TRUE
Pascal,n,n,Pas·cal,,Substantiv,TRUE
Pascha,y,m,Pa·scha,ˈpaʃa,Substantiv,TRUE
Pascha,n,n,Pa·scha,ˈpaʃa,Substantiv,TRUE
Pascha,n,n,Pas·cha,ˈpaʃa,Substantiv,TRUE
Pascha,n,n,Pas·cha,ˈpasça,Substantiv,TRUE
Penne,y,f,Pen·ne,ˈpɛnə,Substantiv,TRUE
Penne,n,0,Pen·ne,ˈpɛnə,Substantiv,TRUE
Penne,n,0,{{kSg.}},ˈpɛnə,Substantiv,TRUE
Perl,y,n,Perl,pœːɐ̯l,Substantiv,TRUE
Perl,n,f,Perl,pœːɐ̯l,Substantiv,TRUE
Perl,n,f,Perl,pɛʁl,Substantiv,TRUE
Pica,y,f,Pi·ca,ˈpiːka,Substantiv,TRUE
Pica,n,f,Pica,ˈpiːka,Substantiv,TRUE
Piccolo,y,mf,Pic·co·lo,ˈpɪkolo,Substantiv,TRUE
Piccolo,n,f,Pic·co·lo,ˈpɪkolo,Substantiv,TRUE
Piccolo,n,f,Pic·co·lo,,Substantiv,TRUE
Piccolo,n,n,Pic·co·lo,,Substantiv,TRUE
Pick,y,m,Pick,pɪk,Substantiv,TRUE
Pick,n,m,Pick,,Substantiv,TRUE
Pint,n,m,Pint,pɪnt,Substantiv,TRUE
Pint,n,n,Pint,pɪnt,Substantiv,TRUE
Pint,y,n,Pint,paɪ̯nt,Substantiv,TRUE
Plebs,n,f,Plebs,pleːps,Substantiv,TRUE
Plebs,y,f,Plebs,plɛps,Substantiv,TRUE
Port,y,m,Port,pɔʁt,Substantiv,TRUE
Port,n,m,Port,,Substantiv,TRUE
Prügel,n,0,{{kSg.}} {{Pl.}} Prü·gel,ˈpʁyːɡəl,Substantiv,TRUE
Prügel,n,m,{{kSg.}} {{Pl.}} Prü·gel,ˈpʁyːɡəl,Substantiv,TRUE
Prügel,y,m,Prü·gel,ˈpʁyːɡəl,Substantiv,TRUE
Pudel,y,m,Pu·del,ˈpuːdl̩,Substantiv,TRUE
Pudel,n,f,Pu·del,ˈpuːdl̩,Substantiv,TRUE
Pudel,n,f,Pu·del,,Substantiv,TRUE
Puff,y,mf,Puff,pʊf,Substantiv,TRUE
Puff,n,m,Puff,,Substantiv,TRUE
Puff,n,n,Puff,pʊf,Substantiv,TRUE
Python,y,mf,Py·thon,ˈpyːtɔn,Substantiv,TRUE
Python,n,n,Py·thon,ˈpyːtɔn,Substantiv,TRUE
Python,n,n,Py·thon,ˈpaɪ̯θən,Substantiv,TRUE
Quatember,y,m,Qua·tem·ber,ˌkvaˈtɛmbɐ,Substantiv,TRUE
Quatember,n,m,<model>wikitext</model>,<comment>Worttrennung; IPA</comment>,Substantiv,TRUE
Raketenschnellboot,y,n,Ra·ke·ten·schnell·boot,ʁaˈkeːtn̩ˌʃnɛlboːt,Substantiv,TRUE
Raketenschnellboot,n,n,Bun·des·ver·fas·sungs·ge·richt,,Substantiv,TRUE
Ramme,y,fm,Ram·me,ˈʁamə,Substantiv,TRUE
Ramme,n,m,Ram·me,ˈʁamə,Substantiv,TRUE
Ramme,n,m,Ram·me; {{Pl.1}} Ram·me,ˈʁamə,Substantiv,TRUE
Raphia,y,f,Ra·phia,ˈʁafi̯a,Substantiv,TRUE
Raphia,n,f,Ra·phia,,Substantiv,TRUE
Reff,n,n,Reff,ʁɛf,Substantiv,TRUE
Reff,y,n,Reff,ˈʁɛf,Substantiv,TRUE
Rentier,n,m,Ren·tier,ʁɑ̃ˈti̯eː,Substantiv,TRUE
Rentier,n,n,Ren·tier,ʁɑ̃ˈti̯eː,Substantiv,TRUE
Rentier,y,n,Ren·tier,ˈʁeːnˌtiːɐ̯,Substantiv,TRUE
Reunion,y,f,Re·uni·on,ʁeʔuˈni̯oːn,Substantiv,TRUE
Reunion,n,f,Re·uni·on,ʁeʔyˈni̯ɔ̃ː,Substantiv,TRUE
Reunion,n,f,Re·uni·on,ʁiˈjʊni̯ən,Substantiv,TRUE
Revers,n,f,Re·vers,:[1] {{IPA {{Lautschrift|ʁeˈveːɐ̯}},Substantiv,TRUE
Revers,n,f,Re·vers,:[2] {{IPA {{Lautschrift|ʁeˈvɛʁs}},Substantiv,TRUE
Review,y,f,Re·view,riˈvjuː,Substantiv,TRUE
Review,n,f,Re·view,,Substantiv,TRUE
Robot,y,m,Ro·bot,ˈʁɔbɔt,Substantiv,TRUE
Robot,n,m,Ro·bot,:{{IPA,Substantiv,TRUE
Rock,y,m,Rock,ʁɔk,Substantiv,TRUE
Rock,n,m,Rock,ʁɔk,Substantiv,TRUE
Rock,n,m,Rock ’n’ Roll,ʁɔkn̩ˈʁoːl,Substantiv,TRUE
Rom,n,m,Rom,ʁoːm,Substantiv,TRUE
Rom,n,m,Rom,ʁɔm,Substantiv,TRUE
Russ,n,m,Russ,:{{IPA|CH&amp;LI {{Lautschrift|ʁuːs}},Substantiv,TRUE
Russ,n,m,Russ,:{{IPA|AT {{Lautschrift|ʁʊs}},Substantiv,TRUE
Sack,y,m,Sack,zak,Substantiv,TRUE
Sack,n,m,Sack,,Substantiv,TRUE
Sasse,n,m,Sas·se,,Substantiv,TRUE
Sasse,n,f,Sas·se,,Substantiv,TRUE
Sasse,n,f,Sas·se,ˈzasə,Substantiv,TRUE
Scharpie,y,f,Schar·pie,ʃaʁˈpiː,Substantiv,TRUE
Scharpie,n,n,Schar·pie,ʃaʁˈpiː,Substantiv,TRUE
Scharpie,n,n,Schar·pie,ˈʃaʁpi,Substantiv,TRUE
Schema,y,n,Sche·ma,ˈʃeːma,Substantiv,TRUE
Schema,n,n,Sche·ma,:{{IPA [b] {{Lautschrift|ˈskeːma}},Substantiv,TRUE
Schiwa,y,mf,Schi·wa,ˈʃiːva,Substantiv,TRUE
Schiwa,n,f,Schi·wa,ˈʃiːva,Substantiv,TRUE
Schiwa,n,f,Schi·wa,ʃivˈʔaː,Substantiv,TRUE
Seiche,n,f,Seiche,sɛʃ,Substantiv,TRUE
Seiche,n,f,Sei·che,sɛʃ,Substantiv,TRUE
Seiche,y,f,Sei·che,ˈzaɪ̯çə,Substantiv,TRUE
Sergeant,y,mf,Ser·geant,zɛʁˈʒant,Substantiv,TRUE
Sergeant,n,f,Ser·geant,:{{IPA ''englisch'': {{Lautschrift|zaːɐ̯ˈʒn̩t}},Substantiv,TRUE
Server-Anwendung,n,f,Ser·ver-An·wen·dung,ˈsœːvə(r)anvɛndʊŋ,Substantiv,TRUE
Server-Anwendung,n,f,Ser·ver-An·wen·dung,ˈsœːɐ̯vɐanvɛndʊŋ,Substantiv,TRUE
Service,y,m,Ser·vice,ˈsœːɐ̯vɪs,Substantiv,TRUE
Service,n,n,Ser·vice,ˈsœːɐ̯vɪs,Substantiv,TRUE
Service,n,n,Ser·vi·ce,ˈsœːɐ̯vɪs,Substantiv,TRUE
Service,n,n,Ser·vi·ce,zɛʁˈviːs,Substantiv,TRUE
Session,y,f,Ses·si·on,zɛˈsi̯oːn,Substantiv,TRUE
Session,n,f,Ses·sion,zɛˈsi̯oːn,Substantiv,TRUE
Session,n,f,Ses·sion,ˈsɛʃn̩,Substantiv,TRUE
Sicke,y,m,Si·cke,,Substantiv,TRUE
Sicke,n,f,Si·cke,,Substantiv,TRUE
Sicke,n,f,Si·cke,ˈzɪkə,Substantiv,TRUE
Sie,n,m,{{kSg.}},ziː,Substantiv,TRUE
Sie,n,f,{{kSg.}},ziː,Substantiv,TRUE
Sie,y,f,Sie,ziː,Substantiv,TRUE
Sie,n,m,Sie,ziː,Substantiv,TRUE
Snack,y,m,Snack,snɛk,Substantiv,TRUE
Snack,n,m,Snack,,Substantiv,TRUE
Spass,y,m,Spass,ʃpaːs,Substantiv,TRUE
Spass,n,m,Spass,ʃpas,Substantiv,TRUE
Spassbremse,y,f,Spass·brem·se,ˈʃpaːsˌbʁɛmzə,Substantiv,TRUE
Spassbremse,n,m,Spass·brem·se,ˈʃpasˌbʁɛmzə,Substantiv,TRUE
Spassmacher,y,m,Spass·ma·cher,ˈʃpaːsˌmaxɐ,Substantiv,TRUE
Spassmacher,n,m,Spass·ma·cher,ˈʃpasˌmaxɐ,Substantiv,TRUE
Spassvogel,y,m,Spass·vo·gel,ʃpaːsfoːɡəl,Substantiv,TRUE
Spassvogel,n,m,Spass·vo·gel,ʃpasfoːɡəl,Substantiv,TRUE
Sports,n,m,Sports,ʃpɔʁt͡s,Substantiv,TRUE
Sports,n,0,Sports,ʃpɔʁt͡s,Substantiv,TRUE
Sports,n,0,Sports,spɔʁt͡s,Substantiv,TRUE
Star,y,m,Star,ʃtaːɐ̯,Substantiv,TRUE
Star,n,m,Star,staːɐ̯,Substantiv,TRUE
Stellenwert,y,m,Stel·len·wert,ˈʃtɛlənˌveːɐ̯t,Substantiv,TRUE
Stellenwert,n,m,Stel·len·wert,ˈʃtɛlnˌveːɐ̯t,Substantiv,TRUE
Stepper,n,m,Step·per,ˈstɛpɐ,Substantiv,TRUE
Stepper,y,m,Step·per,ˈʃtɛpɐ,Substantiv,TRUE
Store,n,f,Sto·re,stoːɐ̯,Substantiv,TRUE
Store,y,m,Sto·re,stoːɐ̯,Substantiv,TRUE
Store,n,m,Store,stoːɐ̯,Substantiv,TRUE
Store,n,m,Store,stɔːɐ̯,Substantiv,TRUE
Tag,y,m,Tag,taːk,Substantiv,TRUE
Tag,n,n,Tag,taːk,Substantiv,TRUE
Tag,n,m,Tag,tɛk,Substantiv,TRUE
Talk,n,m,Talk,talk,Substantiv,TRUE
Talk,n,m,Talk,tɔːk,Substantiv,TRUE
Tee,y,m,Tee,teː,Substantiv,TRUE
Tee,n,n,Tee,teː,Substantiv,TRUE
Tee,n,n,Tee,tiː,Substantiv,TRUE
Teebeutel,y,m,Tee·beu·tel,:[1] {{IPA {{Lautschrift|ˈteːˌbɔɪ̯tl̩}},Substantiv,TRUE
Teebeutel,n,m,Tee·beu·tel,:[2] {{IPA {{Lautschrift|ˈtiːˌbɔɪ̯tl̩}},Substantiv,TRUE
Tenor,y,m,Te·nor,teˈnoːɐ̯|ˈteːnoːɐ̯,Substantiv,TRUE
Tenor,n,m,Te·nor,ˈteːnoːɐ̯,Substantiv,TRUE
Tetramethylenglykol,y,n,Te·t·ra·me·thy·len·gly·kol,,Substantiv,TRUE
Tetramethylenglykol,n,n,Bu·tan-1,,Substantiv,TRUE
Thora,y,f,Tho·ra,toˈʁaː,Substantiv,TRUE
Thora,n,0,Tho·ra,toˈʁaː,Substantiv,TRUE
Thora,n,0,Tho·ra,:[1] {{IPA {{Lautschrift|ˈtoːʁa}},Substantiv,TRUE
Thumbnail,y,n,Thumb·nail,ˈtʊmpneɪl,Substantiv,TRUE
Thumbnail,n,n,Thumb·nail,:{{IPA|BE {{Lautschrift|ˈθʌmneɪl}},Substantiv,TRUE
Ting,y,n,Ting,tɪŋ,Substantiv,TRUE
Ting,n,n,<model>wikitext</model>,<comment>Korrektur Worttrennung; IPA</comment>,Substantiv,TRUE
Ton,n,m,Ton {{Pl.}} To·ne,toːn,Substantiv,TRUE
Ton,y,m,Ton,toːn,Substantiv,TRUE
Tram,y,f,Tram,tʁam,Substantiv,TRUE
Tram,n,m,Tram,tʁam,Substantiv,TRUE
Tram,n,m,Tram,tʁaːm,Substantiv,TRUE
Traumprinz,y,m,Traum·prinz,ˈtʁaʊ̯mˌpʁɪnt͡s,Substantiv,TRUE
Traumprinz,n,m,wel·tos,ˈwɛltɔs,Substantiv,TRUE
Trial,y,mn,Tri·al,ˈtʁaɪ̯əl,Substantiv,TRUE
Trial,n,m,Tri·al,ˈtʁaɪ̯əl,Substantiv,TRUE
Trial,n,m,Tri·al,ˈtʁiːaːl,Substantiv,TRUE
Trompe-l,n,f,Trompe-l’œil,tʁɔ̃pˈlœj,Substantiv,TRUE
Trompe-l,n,f,Trompe-l’Œil,tʁɔ̃pˈlœj,Substantiv,TRUE
Type,y,fm,Ty·pe,ˈtyːpə,Substantiv,TRUE
Type,n,m,Ty·pe,ˈtyːpə,Substantiv,TRUE
Type,n,m,Type,ˈtyːpə,Substantiv,TRUE
Type,n,m,Type,taɪ̯p,Substantiv,TRUE
Überspannung,y,f,Über·span·nung,ˈyːbɐˌʃpanʊŋ,Substantiv,TRUE
Überspannung,n,f,Über·span·nung,ˌyːbɐˈʃpanʊŋ,Substantiv,TRUE
Umschreibung,y,f,Um·schrei·bung,ʊmˈʃʁaɪ̯bʊŋ|ˈʊmˌʃʁaɪ̯bʊŋ,Substantiv,TRUE
Umschreibung,n,f,Um·schrei·bung,ˈʊmˌʃʁaɪ̯bʊŋ,Substantiv,TRUE
Uni,y,f,Uni,ˈʊni,Substantiv,TRUE
Uni,n,n,Uni,ˈʊni,Substantiv,TRUE
Uni,n,n,Uni,yˈniː,Substantiv,TRUE
Viola,y,f,Vi·o·la,viˈoːla,Substantiv,TRUE
Viola,n,f,Vi·o·la,ˈvi̯oːla,Substantiv,TRUE
Viola,n,f,Vi·o·la,ˈviːola,Substantiv,TRUE
Vlax,n,{{Deutsch Name Übersichtn}},Vlax,,Substantiv,TRUE
Vlax,n,0,Vlax,,Substantiv,TRUE
Vlax,n,0,{{kSg.}},,Substantiv,TRUE
Vollzug,n,m,Voll·zug,ˈfɔlˌt͡suːk,Substantiv,TRUE
Vollzug,y,m,Voll·zug,fɔlˈt͡suːk,Substantiv,TRUE
Wachstube,y,f,Wach·stu·be,ˈvaxˌʃtuːbə,Substantiv,TRUE
Wachstube,n,f,Wachs·tu·be,ˈvaxˌʃtuːbə,Substantiv,TRUE
Wachstube,n,f,Wachs·tu·be,ˈvaksˌtuːbə,Substantiv,TRUE
Wachtraum,y,m,Wach·traum,ˈvaxˌtʁaʊ̯m,Substantiv,TRUE
Wachtraum,n,m,Wacht·raum,ˈvaxˌtʁaʊ̯m,Substantiv,TRUE
Wachtraum,n,m,Wacht·raum,ˈvaxtˌʁaʊ̯m,Substantiv,TRUE
Wässern,n,f,Wäs·sern,ˈvɛsɐn,Substantiv,TRUE
Wässern,y,n,Wäs·sern,ˈvɛsɐn,Substantiv,TRUE
Wässern,n,n,Wäs·sern {{kPl.}},ˈvɛsɐn,Substantiv,TRUE
Web,y,n,Web,vɛp,Substantiv,TRUE
Web,n,n,Web 2.0,vɛp t͡svaɪ̯ nʊl,Substantiv,TRUE
Weg,y,m,Weg,veːk,Substantiv,TRUE
Weg,n,m,Weg,:{{IPA ''norddeutsch'' {{Lautschrift|veːç}},Substantiv,TRUE
Weizen,y,mn,Wei·zen,ˈvaɪ̯t͡sn̩,Substantiv,TRUE
Weizen,n,n,Wei·zen,ˈvaɪ̯t͡sn̩,Substantiv,TRUE
Weizen,n,n,Wei·zen,ˈvaɪ̯tsn̩,Substantiv,TRUE
Werbeheini,y,m,Wer·be·hei·ni,ˈvɛʁbəˌhaɪ̯ni,Substantiv,TRUE
Provinzheini,y,m,Pro·vinz·hei·ni,pʁoˈvɪnt͡sˌhaɪ̯ni,Substantiv,TRUE
Wort,y,n,Wort,vɔʁt,Substantiv,TRUE
Wort,n,n,[1] [[Kreuzwortmosaik]],vɔʁt,Substantiv,TRUE
Worttrennung,y,f,Wort·tren·nung,ˈvɔʁtˌtʁɛnʊŋ,Substantiv,TRUE
Worttrennung,n,f,[1] Die ''Worttrennung'' orientiert sich oft an den Silben des Wortes,ˈvɔʁtˌtʁɛnʊŋ,Substantiv,TRUE
Worttrennung,n,f,[1] „Die ''Worttrennungen'' am Zeilenende konnten dann auch nach grammatischen Regeln durchgeführt werden.“&lt;ref&gt;Siegfried E. Fuchs: ''Die Kunstschrift. Entwicklungsgeschichte der abendländischen Schriften und ein Schriftlehrgang zum Erlernen der Kunstschriften.'' 2. Auflage. Verlag Aurel Bongers,ˈvɔʁtˌtʁɛnʊŋ,Substantiv,TRUE
Worttrennung,n,f,[1] {{Wikipedia|Worttrennung}},ˈvɔʁtˌtʁɛnʊŋ,Substantiv,TRUE
Worttrennung,n,f,[1] {{Ref-DWDS|Worttrennung}},ˈvɔʁtˌtʁɛnʊŋ,Substantiv,TRUE
Worttrennung,n,f,[1] {{Ref-Canoo|Worttrennung}},ˈvɔʁtˌtʁɛnʊŋ,Substantiv,TRUE
Worttrennung,n,f,[1] {{Ref-UniLeipzig|Worttrennung}},ˈvɔʁtˌtʁɛnʊŋ,Substantiv,TRUE
Worttrennung,n,f,[1] Helmut Glück (Hrsg.),ˈvɔʁtˌtʁɛnʊŋ,Substantiv,TRUE
Xoanon,y,n,Xo·a·non,ˈksoːanɔn,Substantiv,TRUE
Xoanon,n,n,Weiters wurde diskutiert,Weiters wurde diskutiert,Substantiv,TRUE
Zimt,n,m,Zimt,t͡sɪmt,Substantiv,TRUE
Zimt,y,m,Zimt,ˈt͡sɪmt,Substantiv,TRUE
Zimt,n,n,Zimt,ˈt͡sɪmt,Substantiv,TRUE
Zimt,n,n,Zimt,t͡sɪmt,Substantiv,TRUE
,n,m,du,duː,Substantiv,TRUE
,n,m,Wort,duː,Substantiv,TRUE
,n,m,Wort,,Substantiv,TRUE
,n,m,Wort,&lt;!-- z.B.: IPA: {{Lautschrift|vɔrt --&gt;,Substantiv,TRUE
,n,f,Ko·ry·phäe,ˌkoʁyˈfɛːə,Substantiv,TRUE
,n,m,Ko·ry·phäe,ˌkoʁyˈfɛːə,Substantiv,TRUE
,n,f,1,,Substantiv,TRUE
,n,n,2-Pro·pe·nal,ˈt͡svaɪ̯pʁopeˌnaːl,Substantiv,TRUE
,n,,Be·griff,,Substantiv,TRUE
,n,n,Ei des Ko·lum·bus,aɪ̯ dəs koˈlʊmbʊs,Substantiv,TRUE
,n,m,schwarz·feld·ri·ger Läu·fer,ˈʃvaʁt͡sˌfɛldʁɪɡɐ ˈlɔɪ̯fɐ,Substantiv,TRUE
,n,m,{{kSg.}},ˈɡlaɪ̯çˌfaʁbɪɡə ˈlɔɪ̯fɐ,Substantiv,TRUE
,n,m,{{kSg.}},,Substantiv,TRUE
,n,f,2-Hy·d·ro·xy·pro·pan·säu·re,,Substantiv,TRUE
,n,n,1-Bu·ta·nol,,Substantiv,TRUE
,n,n,1,,Substantiv,TRUE
,n,n,1-He·xa·nol,,Substantiv,TRUE
,n,m,Spa·ni·sche Par·tie,ˈʃpaːnɪʃə paʁˈtiː,Substantiv,TRUE
,n,f,2-Oxo·pro·pan·säu·re,,Substantiv,TRUE
,n,f,2-Hy·d·ro·xy·ben·zoe·säu·re,,Substantiv,TRUE
,n,f,3,,Substantiv,TRUE
,n,n,2,,Substantiv,TRUE
,n,f,2-Ace·to·xy·ben·zoe·säu·re,,Substantiv,TRUE
,n,n,1-Do·de·ca·nol,,Substantiv,TRUE
,n,f,2,,Substantiv,TRUE
,n,n,2-Pro·pe·nol,,Substantiv,TRUE
,n,n,2-Pro·pen-1-ol,,Substantiv,TRUE
,n,f,3-Phe·nyl·ac·ryl·säu·re,,Substantiv,TRUE
,n,f,Eng·li·sche Er·öff·nung,ˈɛŋlɪʃə ɛɐ̯ˈʔœfnʊŋ,Substantiv,TRUE
,n,f,Eng·li·sche Sym·me·trie·va·ri·an·te,ˈɛŋlɪʃə zʏmeˈtʁiːvaˌʁi̯antə,Substantiv,TRUE
,n,f,Si·zi·lia·nisch im An·zu·ge,,Substantiv,TRUE
,n,f,Auf·ge·lös·tes Da·men·gam·bit,ˈaʊ̯fɡəløːstəs ˈdaːmənɡambɪt,Substantiv,TRUE
,n,n,Wie·ner Par·tie,,Substantiv,TRUE
,n,f,Hol·län·disch im An·zu·ge,,Substantiv,TRUE
,n,f,Hol·län·disch im An·zug,,Substantiv,TRUE
,n,m,Nor·di·sches Gam·bit,ˈnɔʁdɪʃəs ɡamˈbɪt,Substantiv,TRUE
,n,f,Skan·di·na·vi·sche Ver·tei·di·gung,,Substantiv,TRUE
,n,m,Si·zi·li·a·ni·sche Ver·tei·di·gung,,Substantiv,TRUE
,n,f,4-Hy·d·ro·xy·bu·tan·säu·re,,Substantiv,TRUE
,n,f,4-Ami·no-1-ben·zol·sul·fon·säu·re,,Substantiv,TRUE
,n,f,2-Ami·no·bu·tan·di·säu·re,,Substantiv,TRUE
,n,f,4-Ami·no·bu·tan·säu·re,,Substantiv,TRUE
,n,f,2-Ami·no·iso·va·le·ri·an·säu·re,,Substantiv,TRUE
,n,f,2-Ami·no-3-me·thyl·bu·tan·säu·re,,Substantiv,TRUE
,n,f,1-Ben·zol·ethan·säu·re,,Substantiv,TRUE
,n,f,2,t͡svaɪ̯dʁaɪ̯fiːɐ̯fʏnfzɛksˌpɛntahydʁɔksyhɛˈksaːnzɔɪ̯ʁə,Substantiv,TRUE
,n,n,ge·deck·ter Frei·bau·er,ɡəˈdɛktɐ ˈfʁaɪ̯ˌbaʊ̯ɐ,Substantiv,TRUE
,n,n,ent·fern·ter Frei·bau·er,ɛntˈfɛʁntɐ ˈfʁaɪ̯ˌbaʊ̯ɐ,Substantiv,TRUE
,n,f,Rus·si·sche Ver·tei·di·gung,ˈʁʊsɪʃə fɛɐ̯ˈtaɪ̯dɪɡʊŋ,Substantiv,TRUE
,n,n,Al·pha pri·va·ti·vum,ˈalfa pʁivaˈtiːvʊm,Substantiv,TRUE
,n,m,Fran·zö·si·sche Ver·tei·di·gung,fʁanˈt͡søːzɪʃə fɛɐ̯ˈtaɪ̯dɪɡʊŋ,Substantiv,TRUE
,n,m,ar·gen·ti·ni·scher Pe·so,,Substantiv,TRUE
,n,f,me·xi·ka·ni·scher Pe·so,,Substantiv,TRUE
,n,f,chi·le·ni·scher Pe·so,,Substantiv,TRUE
,n,f,uru·gu·a·yi·scher Pe·so,,Substantiv,TRUE
,n,f,ko·lum·bi·a·ni·scher Pe·so,,Substantiv,TRUE
,n,f,ku·ba·ni·scher Pe·so,,Substantiv,TRUE
,n,f,Pe·so con·ver·ti·ble,,Substantiv,TRUE
,n,f,do·mi·ni·ka·ni·scher Pe·so,,Substantiv,TRUE
,n,f,Si·zi·li·a·ni·sches Flü·gel·gam·bit,,Substantiv,TRUE
,n,f,fett·ar·me Milch,ˈfɛtˌʔaːɐ̯mə mɪlç,Substantiv,TRUE
,n,n,2-Bu·ta·non,,Substantiv,TRUE
,n,n,2-Me·thyl-2-pro·pa·nol,,Substantiv,TRUE
,n,n,1-Pen·ta·nol,,Substantiv,TRUE
,n,n,2-Me·thyl-1-pro·pa·nol,,Substantiv,TRUE
,n,n,2-Pro·pa·nol,ˌt͡svaɪ̯pʁopaˈnoːl,Substantiv,TRUE
,n,f,Orang-Utan-Er·öff·nung,,Substantiv,TRUE
,n,f,to·te Stel·lung,ˈtoːtə ˈʃtɛlʊŋ,Substantiv,TRUE
,n,f,Hol·län·di·sche Ver·tei·di·gung,,Substantiv,TRUE
,n,n,Ei des Co·lum·bus,aɪ̯ dəs koˈlʊmbʊs,Substantiv,TRUE
,n,n,Bun·des·amt für Ver·fas·sungs·schutz,ˈbʊndəsˌʔamt fyːɐ̯ fɛɐ̯ˈfasʊŋsˌʃʊt͡s,Substantiv,TRUE
,n,m,Ra·yon,ʁɛˈjɔ̃ː,Substantiv,TRUE
,n,n,Ra·yon,ʁɛˈjɔ̃ː,Substantiv,TRUE
,n,n,Ra·yon,ʁɛˈjɔ̃,Substantiv,TRUE
,n,m,Flip-Flop,ˈflɪpflɔp,Substantiv,TRUE
,n,n,Flip-Flop,ˈflɪpflɔp,Substantiv,TRUE
,n,f,1-Raum-Woh·nung,ˈaɪ̯nʁaʊ̯mˌvoːnʊŋ,Substantiv,TRUE
,n,f,1-Zim·mer-Woh·nung,aɪ̯nˈt͡sɪmɐˌvoːnʊŋ,Substantiv,TRUE
,n,m,Ho·mo oe·co·no·mi·cus,ˌhoːmo ʔøkoˈnoːmikʊs,Substantiv,TRUE
,n,m,11. Sep·tem·ber,ˌɛlftɐ zɛpˈtɛmbɐ,Substantiv,TRUE
,n,f,@1@,:{{IPA @3@,Substantiv,TRUE
,n,f,’Ndran·ghe·ta,ˈndʁaŋɡeta,Substantiv,TRUE
,n,m,1. Ko·rin·ther·brief,ˌeːɐ̯stɐ koˈʁɪntɐˌbʁiːf,Substantiv,TRUE
,n,m,2. Ko·rin·ther·brief,ˌt͡svaɪ̯tɐ koˈʁɪntɐˌbʁiːf,Substantiv,TRUE
,n,m,400-Eu·ro-Job,ˌfiːɐ̯hʊndɐtˈʔɔɪ̯ʁoˌdʒɔp,Substantiv,TRUE
,n,n,2-He·xa·nol,,Substantiv,TRUE
,n,n,3-He·xa·nol,,Substantiv,TRUE
,n,m,450-Eu·ro-Job,ˌfiːɐ̯hʊndɐtˌfʏnft͡sɪçˈʔɔɪ̯ʁoˌdʒɔp,Substantiv,TRUE
,n,m,1-Eu·ro-Job,aɪ̯nˈʔɔɪ̯ʁod͡ʒɔp,Substantiv,TRUE
,n,m,400-Eu·ro-Job·ber,ˌfiːɐ̯hʊndɐtˈʔɔɪ̯ʁoˌd͡ʒɔbɐ,Substantiv,TRUE
,n,n,Web-Se·mi·nar,ˈvɛbzemiˌnaːɐ̯,Substantiv,TRUE
,n,m,1-Eu·ro-Job·ber,ˌaɪ̯nˈʔɔɪ̯ʁoˌd͡ʒɔbɐ,Substantiv,TRUE
,n,m,60-Se·kun·den-Takt,ˌzɛçt͡sɪçzeˈkʊndn̩ˌtakt,Substantiv,TRUE
,n,m,5-Mi·nu·ten-Takt,ˌfʏnfmiˈnuːtn̩ˌtakt,Substantiv,TRUE
,n,m,50-Eu·ro-Schein,fʏnft͡sɪçˈʔɔɪ̯ʁoˌʃaɪ̯n,Substantiv,TRUE
,n,n,@1@,:{{IPA @3@,Substantiv,TRUE
,n,f,40-Stun·den-Wo·che,fɪʁt͡sɪçˈʃtʊndn̩ˌvɔxə,Substantiv,TRUE
,n,m,Be·griff,,Substantiv,TRUE
,n,f,Sa·che,,Substantiv,TRUE
,n,n,Wort,,Substantiv,TRUE
,n,m,1,ˈaɪ̯ns ˌkɔma ˈzɛks ˈliːtɐ/ˈlɪtɐ ˌbɛnˈt͡siːnɐ,Substantiv,TRUE
,n,m,46-Jäh·ri·ger,,Substantiv,TRUE
,n,m,3-D-Dru·cker,dʁaɪ̯ˈdeːˌdʁʊkɐ,Substantiv,TRUE
,n,n,Gar·nichts,ˈɡaːɐ̯ˌnɪçt͡s,Substantiv,TRUE
,n,m,59-Jäh·ri·ger,ˈnɔɪ̯nʊntfʏnft͡sɪçˌjɛːʁɪɡɐ,Substantiv,TRUE
,n,f,Auf·merk·sam·keits-Hy·per·ak·ti·vi·täts·stö·rung,,Substantiv,TRUE
,n,f,1-Cent-Mün·ze,aɪ̯nˈsɛntˌmʏnt͡sə,Substantiv,TRUE
,n,n,1-Cent-Stück,aɪ̯nˈsɛntˌʃtʏk,Substantiv,TRUE
,n,f,2-Cent-Mün·ze,t͡svaɪ̯ˈsɛntˌmʏnt͡sə,Substantiv,TRUE
,n,n,2-Cent-Stück,t͡svaɪ̯ˈsɛntˌʃtʏk,Substantiv,TRUE
,n,f,5-Cent-Mün·ze,fʏnfˈsɛntˌmʏnt͡sə,Substantiv,TRUE
,n,f,10-Cent-Mün·ze,t͡seːnˈsɛntˌmʏnt͡sə,Substantiv,TRUE
,n,n,10-Cent-Stück,t͡seːnˈsɛntˌʃtʏk,Substantiv,TRUE
,n,f,20-Cent-Mün·ze,t͡svant͡sɪçˈsɛntˌmʏnt͡sə,Substantiv,TRUE
,n,n,20-Cent-Stück,t͡svant͡sɪçˈsɛntˌʃtʏk,Substantiv,TRUE
,n,f,50-Cent-Mün·ze,fʏnft͡sɪçˈsɛntˌmʏnt͡sə,Substantiv,TRUE
,n,n,5-Cent-Stück,fʏnfˈsɛntˌʃtʏk,Substantiv,TRUE
,n,n,50-Cent-Stück,fʏnft͡sɪçˈsɛntˌʃtʏk,Substantiv,TRUE
,n,f,1-Eu·ro-Mün·ze,aɪ̯nˈʔɔɪ̯ʁoˌmʏnt͡sə,Substantiv,TRUE
,n,n,1-Eu·ro-Stück,aɪ̯nˈʔɔɪ̯ʁoˌʃtʏk,Substantiv,TRUE
,n,f,2-Eu·ro-Mün·ze,t͡svaɪ̯ˈʔɔɪ̯ʁoˌmʏnt͡sə,Substantiv,TRUE
,n,n,2-Eu·ro-Stück,t͡svaɪ̯ˈʔɔɪ̯ʁoˌʃtʏk,Substantiv,TRUE
,n,m,5-Eu·ro-Schein,fʏnfˈʔɔɪ̯ʁoˌʃaɪ̯n,Substantiv,TRUE
,n,m,10-Eu·ro-Schein,t͡seːnˈʔɔɪ̯ʁoˌʃaɪ̯n,Substantiv,TRUE
,n,m,20-Eu·ro-Schein,t͡svant͡sɪçˈʔɔɪ̯ʁoˌʃaɪ̯n,Substantiv,TRUE
,n,m,100-Eu·ro-Schein,hʊndɐtˈʔɔɪ̯ʁoˌʃaɪ̯n,Substantiv,TRUE
,n,m,200-Eu·ro-Schein,t͡svaɪ̯hʊndɐtˈʔɔɪ̯ʁoˌʃaɪ̯n,Substantiv,TRUE
,n,m,500-Eu·ro-Schein,fʏnfhʊndɐtˈʔɔɪ̯ʁoˌʃaɪ̯n,Substantiv,TRUE
,n,m,5-Mark-Schein,fʏnfˈmaʁkˌʃaɪ̯n,Substantiv,TRUE
,n,m,10-Mark-Schein,t͡seːnˈmaʁkˌʃaɪ̯n,Substantiv,TRUE
,n,m,20-Mark-Schein,t͡svant͡sɪçˈmaʁkˌʃaɪ̯n,Substantiv,TRUE
,n,m,50-Mark-Schein,fʏnft͡sɪçˈmaʁkˌʃaɪ̯n,Substantiv,TRUE
,n,m,100-Mark-Schein,hʊndɐtˈmaʁkˌʃaɪ̯n,Substantiv,TRUE
,n,m,200-Mark-Schein,t͡svaɪ̯hʊndɐtˈmaʁkˌʃaɪ̯n,Substantiv,TRUE
,n,m,500-Mark-Schein,fʏnfhʊndɐtˈmaʁkˌʃaɪ̯n,Substantiv,TRUE
,n,m,1000-Mark-Schein,taʊ̯zn̩tˈmaʁkˌʃaɪ̯n,Substantiv,TRUE
,n,m,10-Fran·ken-Schein,t͡seːnˈfʁaŋkn̩ˌʃaɪ̯n,Substantiv,TRUE
,n,m,20-Fran·ken-Schein,t͡svant͡sɪçˈfʁaŋkn̩ˌʃaɪ̯n,Substantiv,TRUE
,n,m,50-Fran·ken-Schein,fʏnft͡sɪçˈfʁaŋkn̩ˌʃaɪ̯n,Substantiv,TRUE
,n,m,100-Fran·ken-Schein,hʊndɐtˈfʁaŋkn̩ˌʃaɪ̯n,Substantiv,TRUE
,n,m,200-Fran·ken-Schein,t͡svaɪ̯hʊndɐtˈfʁaŋkn̩ˌʃaɪ̯n,Substantiv,TRUE
,n,m,1000-Fran·ken-Schein,taʊ̯zn̩tˈfʁaŋkn̩ˌʃaɪ̯n,Substantiv,TRUE
,n,f,10-Fran·ken-No·te,t͡seːnˈfʁaŋkn̩ˌnoːtə,Substantiv,TRUE
,n,f,20-Fran·ken-No·te,t͡svant͡sɪçˈfʁaŋkn̩ˌnoːtə,Substantiv,TRUE
,n,f,50-Fran·ken-No·te,fʏnft͡sɪçˈfʁaŋkn̩ˌnoːtə,Substantiv,TRUE
,n,f,100-Fran·ken-No·te,hʊndɐtˈfʁaŋkn̩ˌnoːtə,Substantiv,TRUE
,n,f,200-Fran·ken-No·te,t͡svaɪ̯hʊndɐtˈfʁaŋkn̩ˌnoːtə,Substantiv,TRUE
,n,f,1000-Fran·ken-No·te,taʊ̯zn̩tˈfʁaŋkn̩ˌnoːtə,Substantiv,TRUE
,n,n,10-Pfen·nig-Stück,t͡seːnˈp͡fɛnɪçˌʃtʏk,Substantiv,TRUE
,n,m,2-Mark-Schein,t͡svaɪ̯ˈmaʁkˌʃaɪ̯n,Substantiv,TRUE
,n,m,8-Stun·den-Tag,axtˈʃtʊndn̩ˌtaːk,Substantiv,TRUE
,n,n,2-Bu·tin,ˌt͡svaɪ̯buˈtiːn,Substantiv,TRUE
,n,m,3-Uhr-Zug,dʁaɪ̯ˈʔuːɐ̯ˌt͡suːk,Substantiv,TRUE
,n,m,5-Uhr-Zug,fʏnfˈʔuːɐ̯ˌt͡suːk,Substantiv,TRUE
,n,m,6-Uhr-Zug,zɛksˈʔuːɐ̯ˌt͡suːk,Substantiv,TRUE
,n,m,7-Uhr-Zug,ziːbn̩ˈʔuːɐ̯ˌt͡suːk,Substantiv,TRUE
,n,m,8-Uhr-Zug,axtˈʔuːɐ̯ˌt͡suːk,Substantiv,TRUE
,n,m,10-Uhr-Zug,t͡seːnˈʔuːɐ̯ˌt͡suːk,Substantiv,TRUE
,n,f,3-Uhr-Vor·stel·lung,dʁaɪ̯ˈʔuːɐ̯foːɐ̯ˌʃtɛlʊŋ,Substantiv,TRUE
,n,f,5-Uhr-Vor·stel·lung,fʏnfˈʔuːɐ̯foːɐ̯ˌʃtɛlʊŋ,Substantiv,TRUE
,n,f,6-Uhr-Vor·stel·lung,zɛksˈʔuːɐ̯foːɐ̯ˌʃtɛlʊŋ,Substantiv,TRUE
,n,f,7-Uhr-Vor·stel·lung,ziːbn̩ˈʔuːɐ̯foːɐ̯ˌʃtɛlʊŋ,Substantiv,TRUE
,n,f,8-Uhr-Vor·stel·lung,axtˈʔuːɐ̯foːɐ̯ˌʃtɛlʊŋ,Substantiv,TRUE
,n,f,10-Uhr-Vor·stel·lung,t͡seːnˈʔuːɐ̯foːɐ̯ˌʃtɛlʊŋ,Substantiv,TRUE
,n,m,Schrö·din·gers Kat·ze,ˌʃʁøːdɪŋɐs ˈkat͡sə,Substantiv,TRUE
,n,f,102-Jäh·ri·ge,hʊndɐtˈt͡svaɪ̯ˌjɛːʁɪɡə,Substantiv,TRUE
,n,m,102-Jäh·ri·ger,hʊndɐtˈt͡svaɪ̯ˌjɛːʁɪɡɐ,Substantiv,TRUE
,n,m,Ho·mo lo·quax,ˈhoːmo ˈlokvaːks,Substantiv,TRUE
,n,f,0,nʊlkɔmadʁaɪ̯dʁaɪ̯ˈliːtɐˌflaʃə,Substantiv,TRUE
,n,n,24-Stun·den-Ren·nen,fiːɐ̯ʔʊntt͡svant͡sɪçˈʃtʊndn̩ˌʁɛnən,Substantiv,TRUE
,n,f,0,nʊlkɔmafʏnfˈliːtɐˌflaʃə,Substantiv,TRUE
,n,f,0,nʊlkɔmat͡svaɪ̯ˈliːtɐˌflaʃə,Substantiv,TRUE
,n,f,0,nʊlkɔmaziːbn̩ˈliːtɐˌflaʃə,Substantiv,TRUE
,n,f,0,nʊlkɔmaziːbn̩fʏnfˈliːtɐˌflaʃə,Substantiv,TRUE
,n,n,Ber·li·ner Fens·ter,bɛʁˌliːnɐ ˈfɛnstɐ,Substantiv,TRUE
,n,m,90-Mi·nü·ter,ˈnɔɪ̯nt͡sɪçmiˌnyːtɐ,Substantiv,TRUE
,n,m,8-Ton·ner,ˈaxtˌtɔnɐ,Substantiv,TRUE
